-- MariaDB dump 10.17  Distrib 10.4.15-MariaDB, for Linux (x86_64)
--
-- Host: mysql.hostinger.ro    Database: u574849695_15
-- ------------------------------------------------------
-- Server version	10.4.15-MariaDB-cll-lve

/*!40101 SET @OLD_CHARACTER_SET_CLIENT=@@CHARACTER_SET_CLIENT */;
/*!40101 SET @OLD_CHARACTER_SET_RESULTS=@@CHARACTER_SET_RESULTS */;
/*!40101 SET @OLD_COLLATION_CONNECTION=@@COLLATION_CONNECTION */;
/*!40101 SET NAMES utf8mb4 */;
/*!40103 SET @OLD_TIME_ZONE=@@TIME_ZONE */;
/*!40103 SET TIME_ZONE='+00:00' */;
/*!40014 SET @OLD_UNIQUE_CHECKS=@@UNIQUE_CHECKS, UNIQUE_CHECKS=0 */;
/*!40014 SET @OLD_FOREIGN_KEY_CHECKS=@@FOREIGN_KEY_CHECKS, FOREIGN_KEY_CHECKS=0 */;
/*!40101 SET @OLD_SQL_MODE=@@SQL_MODE, SQL_MODE='NO_AUTO_VALUE_ON_ZERO' */;
/*!40111 SET @OLD_SQL_NOTES=@@SQL_NOTES, SQL_NOTES=0 */;

--
-- Table structure for table `communities`
--

DROP TABLE IF EXISTS `communities`;
/*!40101 SET @saved_cs_client     = @@character_set_client */;
/*!40101 SET character_set_client = utf8 */;
CREATE TABLE `communities` (
  `id` bigint(20) unsigned NOT NULL AUTO_INCREMENT,
  `name` varchar(145) COLLATE utf8mb4_unicode_ci NOT NULL,
  `description` varchar(245) COLLATE utf8mb4_unicode_ci DEFAULT NULL,
  `admin_id` bigint(20) unsigned NOT NULL,
  PRIMARY KEY (`id`),
  KEY `fk_communities_users_admin_idx` (`admin_id`),
  CONSTRAINT `fk_communities_users` FOREIGN KEY (`admin_id`) REFERENCES `users` (`id`)
) ENGINE=InnoDB AUTO_INCREMENT=101 DEFAULT CHARSET=utf8mb4 COLLATE=utf8mb4_unicode_ci;
/*!40101 SET character_set_client = @saved_cs_client */;

--
-- Dumping data for table `communities`
--

LOCK TABLES `communities` WRITE;
/*!40000 ALTER TABLE `communities` DISABLE KEYS */;
INSERT INTO `communities` VALUES (1,'enim','Repellat nihil at atque distinctio omnis vero ratione ut. Ipsam ea aut enim sunt. Non molestias laboriosam et.',1),(2,'voluptatem','Repellendus eum ratione sint consequatur qui. Officiis quas et id repudiandae illum aut alias quibusdam. Blanditiis nisi qui sunt.',2),(3,'dolorum','Laboriosam ad qui commodi possimus iste maxime laboriosam. Eligendi mollitia aut quidem possimus quo tempore. Expedita magnam praesentium maiores in. Ut veniam non aperiam eos. Non quo omnis repellendus in qui vel et et.',3),(4,'corporis','Consequatur harum delectus voluptate aut sequi. Cupiditate et optio facilis qui.',4),(5,'sequi','Dolore nihil molestiae sequi quia reprehenderit doloribus provident magnam. Voluptatibus ut aut voluptatibus consectetur facere et veritatis. Vero officia dolore et aliquam. Rerum non laborum qui distinctio facilis placeat.',5),(6,'quia','Cumque similique deserunt consequuntur. Autem sed similique et laudantium sed dolorem tenetur.',6),(7,'itaque','Fugiat fugit ut est distinctio culpa excepturi. Reiciendis odit repellendus consequuntur rerum corporis quam quia. Aut earum molestias perferendis veritatis reprehenderit possimus qui. Et natus quia tempora nulla amet quae neque temporibus. Accu',7),(8,'dolores','Nemo est quia nihil quia praesentium consequatur. Fugit odit sit praesentium aliquam vel aperiam. Odio nobis nostrum consequatur aperiam sunt consequatur ut. Quidem sint et neque sed in necessitatibus. Distinctio quia nesciunt fuga et eaque.',8),(9,'officiis','Voluptate quis totam rerum distinctio quibusdam explicabo sunt. Natus rerum sunt deserunt nulla voluptatem aut. Quae facere necessitatibus sit est omnis recusandae dolores. Officiis nostrum harum ut quia veritatis.',9),(10,'deserunt','Omnis temporibus veniam ut est sapiente iste incidunt. Quas placeat modi voluptas. Molestias error illo sed tenetur vel illum.',10),(11,'maiores','Enim quo quo nostrum dolorum facere. Cumque quam quae dicta. Id reprehenderit aliquid ut perspiciatis accusamus debitis et. Ut dolorem veritatis nulla iure doloremque voluptates mollitia.',11),(12,'quo','Deleniti voluptatem maxime modi mollitia. Sed dolorem et cumque dolores. Non id illum est qui consectetur. Ratione omnis odio quo laboriosam nulla accusamus. Labore consectetur quia qui.',12),(13,'sed','Aperiam sint voluptas eligendi pariatur excepturi tempore. Quas sit nostrum voluptatem placeat. Porro placeat molestiae ea soluta assumenda. Sed molestias ea consequatur assumenda ex.',13),(14,'eos','Voluptates quas quam quia. Delectus nesciunt sit id eos veniam magnam praesentium dolores. Quaerat atque voluptas quo explicabo. Temporibus dolorum odio sequi illum ad distinctio.',14),(15,'ut','Ea itaque est eum sint facilis ut. Fuga repudiandae velit in voluptatem maiores. Quo perferendis odit iure quia aut beatae rerum sequi. Ipsum amet error assumenda sed omnis quasi odio.',15),(16,'atque','Quia hic et omnis praesentium voluptas. Qui expedita officiis aut consequatur tempore tempora exercitationem. Modi illo quidem sunt numquam numquam vel dolor nisi.',16),(17,'aut','Quod maiores voluptas laudantium omnis iusto voluptas. Perspiciatis laboriosam ullam mollitia magni. Expedita totam reprehenderit aut nostrum dolorem eos laboriosam.',17),(18,'qui','Magnam atque expedita numquam mollitia ut suscipit dolorem. Et est corporis omnis eos. Quibusdam in consequatur non voluptas quam exercitationem ex voluptate. Alias sunt reprehenderit et.',18),(19,'optio','Nihil distinctio aut eos quia aut. Quas occaecati quaerat est expedita quia ut. Vel fugit maxime ratione adipisci.',19),(20,'repellat','Numquam ab labore voluptates quisquam. Quae et non est et voluptas dignissimos quia dolore.',20),(21,'quis','Voluptates ut sit voluptatum nihil sapiente cumque voluptate. Velit tempore et consequuntur ea. Est aliquam aperiam itaque sapiente non dolor. Culpa et ratione molestiae inventore vel neque qui dolores.',21),(22,'rerum','Harum natus dolorem officiis earum veniam. Laborum molestiae ipsum sint dolores. Eum eligendi eum est velit minus et. Fugit rerum quia repellendus itaque quia.',22),(23,'magnam','Quia autem est modi maxime. Enim tempore expedita consequatur libero eos maxime. Labore ducimus sit sunt qui commodi libero eligendi quo.',23),(24,'voluptatem','Eos totam odio consequuntur at cupiditate et quia. Aliquam vel minima ullam ex eaque ut. Ducimus quas rem dolorem excepturi illo. Quam assumenda quo vitae.',24),(25,'laudantium','Et sit id quaerat possimus. Perspiciatis enim sunt quas magnam. Quod sunt labore alias voluptatum enim quidem deleniti. Facilis totam omnis qui accusamus quisquam sed maxime.',25),(26,'corrupti','Tenetur ut laborum eveniet nam at quo. Non ipsum dignissimos rerum consequatur qui reprehenderit.',26),(27,'sint','Ratione quibusdam quia non sunt vero incidunt voluptatem quod. Quas et eius rem placeat sit vero dignissimos. Accusamus a minima voluptates.',27),(28,'aut','Possimus aliquid sed non asperiores. Dignissimos vel dolores quia. Eaque explicabo rerum iste voluptas qui voluptas earum. In hic eveniet qui est.',28),(29,'beatae','Facere cum enim architecto non. Quasi atque id et. Magni odit nesciunt et qui. Accusamus magni et magnam.',29),(30,'deserunt','Quia libero est qui nobis quibusdam. Est et et est quia cupiditate ratione doloribus voluptatibus.',30),(31,'facere','Dolorum architecto facilis repellendus autem dolores. Dolor nulla ex non qui officiis voluptatem quis nam. In sed fuga nam eius nesciunt.',31),(32,'aut','Numquam consequatur et id qui aliquam. Voluptatem accusamus impedit voluptas est. Voluptatem qui reiciendis ut quis autem dicta minima.',32),(33,'non','Excepturi tempore nam ratione exercitationem neque. Inventore temporibus quam accusantium delectus enim sed nam nam. Omnis quibusdam et est sint aut voluptatem.',33),(34,'sequi','Unde rerum in et assumenda. Et aperiam vel magnam pariatur error asperiores voluptatum. Esse dicta saepe sunt omnis omnis et. Ut in aut iste voluptate.',34),(35,'quasi','Et deleniti ex perspiciatis asperiores sed. Labore hic dolor repellat soluta sint ut est ex. Autem aliquam ut corrupti soluta iusto veniam aut. Omnis iure est soluta voluptates officia minima.',35),(36,'vel','Architecto sequi facere voluptatem. Expedita rerum et ut repellat voluptatem sit. Id consequuntur sed perspiciatis repellat dolores quidem est.',36),(37,'voluptas','Quisquam corrupti impedit ipsa rerum voluptatem aut et. Quasi sint sed est placeat sed voluptatem qui. Ipsa sit tenetur at nihil ab consectetur. Voluptatibus in vitae ut veritatis.',37),(38,'autem','Voluptate possimus dignissimos quia delectus commodi. Officia sint animi veritatis sint qui maiores saepe. Dolorem magnam suscipit nesciunt nihil consequatur necessitatibus ex.',38),(39,'aut','Non omnis animi dicta ut id non est et. Ab rem corrupti molestias placeat voluptate. Et in sint ipsum ut molestiae cum. Est dignissimos qui veritatis.',39),(40,'omnis','Aut magni impedit ut quasi. Dignissimos est non quibusdam minima sit omnis non. Consequatur rerum omnis asperiores error sint iste. Unde soluta esse omnis eius nisi quam dignissimos.',40),(41,'ipsa','Labore harum voluptatem et velit. Perferendis veniam nostrum qui consequuntur. Sapiente ullam aut aut. Voluptatem fuga debitis sint distinctio ipsum.',41),(42,'soluta','In est incidunt aperiam voluptas nostrum. Officia ipsum dicta accusantium fugiat voluptates fuga. Labore qui quo quas sed ut suscipit eos. Neque voluptates omnis qui alias.',42),(43,'corporis','Molestias et et quam sed natus ut. Qui dolorum iusto et eius. Est non atque error consectetur harum voluptatem molestias et. Cum sed in aut sed perspiciatis debitis voluptates.',43),(44,'ut','Hic ipsam asperiores est veritatis sapiente velit eum rerum. Ea hic quibusdam veritatis ut et. Omnis similique eum doloremque omnis nemo dolores voluptas. Aliquam exercitationem nobis quos aut sunt dicta consequatur.',44),(45,'ea','Ipsam harum dignissimos quis. Nostrum explicabo incidunt hic tempora quia. Et rem quibusdam illum rem. Non dolorem numquam illum eveniet deleniti.',45),(46,'numquam','Quisquam consequatur autem fuga at. Dolorem quia et eligendi rerum iure qui. Quaerat sed ipsum eligendi cumque. Magni suscipit vero facere aperiam quaerat nesciunt repellat nobis.',46),(47,'possimus','Corporis temporibus accusantium perspiciatis vero eos sed. Est accusantium aliquam minus et. Repellat recusandae nam et ex nobis quaerat. Aut eum quia facilis incidunt corrupti non. Dolorem eos dolorum a nulla ut.',47),(48,'quam','Consequuntur possimus eum tempore voluptatum. Molestiae voluptates non cumque omnis. Doloremque qui nihil non ut. Voluptate non eligendi necessitatibus cumque quibusdam sapiente ipsa.',48),(49,'et','Accusamus maxime voluptatem quia quaerat similique nemo reprehenderit. Est repellendus ea maxime ea itaque architecto. In qui enim provident sit.',49),(50,'dolorem','Quas et perspiciatis recusandae consectetur cumque itaque. Nemo vel eos aperiam sequi facere minus quaerat. Optio perspiciatis magni accusamus explicabo est.',50),(51,'amet','Officia natus aut amet exercitationem saepe et rerum. Neque distinctio in amet maiores. Quidem et vel illo possimus.',51),(52,'non','Laborum voluptatem esse porro ea. Accusamus et voluptatem cumque autem. Voluptatem sed nihil assumenda sapiente accusamus hic repellendus.',52),(53,'nam','Ipsum explicabo in odit omnis. Quisquam qui et accusamus explicabo officia dolorum. Accusantium hic voluptas eius vel ex impedit. Repellat asperiores ut voluptate ab. Assumenda in voluptas temporibus impedit et optio.',53),(54,'possimus','Possimus et alias ratione deleniti quos quos eaque eius. Sed consectetur velit autem officiis optio. Aliquam ex eum et itaque ullam occaecati.',54),(55,'quidem','Eligendi ipsum eum nihil ratione error occaecati. Et aut at illo quos excepturi vitae praesentium. Sint omnis ea harum sit molestiae corrupti.',55),(56,'deleniti','In optio laborum error corrupti eum. Eos ut sed labore qui. Doloribus enim alias consectetur facilis vel quis dolor nihil. Et cumque velit impedit ad nihil a quod.',56),(57,'inventore','Molestias debitis cumque nihil qui repellendus molestiae aut. Ut qui velit debitis repellat quo ea praesentium. Molestiae accusamus quas in recusandae enim doloremque vel. Laudantium quis consequatur rerum et.',57),(58,'placeat','Nulla neque voluptatem cumque delectus non quia. Eius voluptatem blanditiis aliquid officia. Tenetur sed placeat hic mollitia voluptas ipsam.',58),(59,'recusandae','Ipsa neque quaerat quasi odio. Commodi quis ratione ut ipsum odit et. Deserunt est beatae autem dolorem.',59),(60,'fugiat','Non voluptatum quasi quidem enim repellendus reprehenderit ullam. Qui dolorum assumenda odit dolores. Ipsum voluptatum sed est aliquam voluptate ut iste.',60),(61,'aut','Provident beatae incidunt sed vitae. Voluptate at est tempora asperiores voluptas magni. Et sunt laboriosam est ipsum dolorem laboriosam numquam. Recusandae incidunt dolorem doloribus enim aliquid.',61),(62,'quasi','Praesentium quidem qui voluptate ut debitis atque. Et et rerum expedita voluptatem. Quas omnis deserunt corporis impedit maxime nisi consequatur. Veniam illum ut eligendi inventore natus.',62),(63,'repellat','Suscipit omnis debitis explicabo minus. Voluptas occaecati consequatur est soluta explicabo rerum est. Molestias assumenda est iste eum doloribus vitae.',63),(64,'ut','Aliquid fugiat pariatur quia suscipit quia quod. Voluptatem nam alias optio omnis quasi quam quam omnis. Repellat vel qui excepturi delectus ut rerum. Magnam tempore voluptatem accusantium blanditiis repellat rerum sed dolor.',64),(65,'autem','A qui quaerat aut laborum. Voluptates tempora facilis officiis tenetur aut voluptas tenetur ea. Dolorem est dolores aut rerum voluptate ut.',65),(66,'non','Sequi soluta nisi doloremque accusamus nobis alias veritatis. Officiis qui sit atque aperiam.',66),(67,'dolore','Illo rem quisquam quia aperiam ipsa quis. Reprehenderit quisquam accusamus placeat. Voluptates voluptatem et ut animi et molestiae.',67),(68,'cumque','Odit sequi sed aut minus voluptatum. Consectetur dolorem temporibus cupiditate asperiores sit velit. Consequatur omnis eum explicabo impedit et aliquid. Neque ullam consequuntur voluptatem rerum facilis odit.',68),(69,'non','Vero vel fugit amet. Praesentium veniam exercitationem sed reprehenderit. Aliquid quas cumque et quibusdam. Officia sed et tempore quas.',69),(70,'animi','Blanditiis nihil molestiae ab. Praesentium quia iste ut dicta sunt. Corporis et ea eligendi.',70),(71,'a','Molestiae itaque itaque qui deserunt et quod occaecati. Voluptatibus quo et quo dolorum eos. Reiciendis id quis ut et laudantium eius dolor amet.',71),(72,'eius','Officia veniam sequi laborum quis et consequuntur. Adipisci culpa accusamus voluptatem fugit voluptas ratione.',72),(73,'reprehenderit','Aperiam velit in tenetur officia natus. Sunt ducimus quia nesciunt quasi incidunt. Sed perspiciatis fugit fugit velit.',73),(74,'natus','Iste omnis dolorem exercitationem autem nam porro. Autem maiores dignissimos molestiae maxime id. Necessitatibus vel non autem et. Voluptates harum eum distinctio molestiae sed.',74),(75,'occaecati','Assumenda sit quae totam saepe. Veritatis ut et fugit accusantium quidem. Sit qui illum et nihil vero.',75),(76,'quia','Eius voluptas architecto quia aperiam neque suscipit. Cumque animi temporibus aut ab. Non ad quo et voluptas. Omnis voluptatem beatae alias aut laudantium saepe quidem culpa.',76),(77,'sed','Dolores necessitatibus omnis eaque assumenda ut quod. Id nihil vel molestiae autem.',77),(78,'repellendus','Et ut soluta non nemo tempore ut. Est rerum saepe magni ut quod. Quo exercitationem rerum expedita molestias. Eos quo dolor distinctio nesciunt ratione quibusdam.',78),(79,'eveniet','In ea voluptatem et. Et magnam repudiandae laborum perferendis amet sapiente. Qui porro consequuntur dolores repellendus.',79),(80,'velit','Sit maiores velit repudiandae iure harum molestiae ut. Quaerat in ut omnis aut. Vel aut quia est sed quia. Modi ea alias sed culpa.',80),(81,'voluptas','Eum voluptatem inventore dicta veniam. Ex est iusto esse in. Debitis molestiae quisquam vitae.',81),(82,'exercitationem','Repellat error expedita harum odit consectetur. Hic quisquam libero ea et magni nihil. Aliquid reiciendis quos ut velit asperiores molestias.',82),(83,'aut','Voluptas earum omnis vel quisquam ab non voluptatum architecto. Culpa eligendi dolorum hic non ut. Exercitationem autem est dolor aliquam.',83),(84,'aut','Quaerat nobis voluptates sed et aut et quis. Quasi et officia culpa qui.',84),(85,'ea','Aliquid magnam cupiditate sed soluta. Numquam eum libero cum.',85),(86,'dolor','Pariatur ut omnis temporibus perferendis. Eos dicta non consequuntur qui odio autem voluptatem. Ut omnis et labore enim unde optio ea. Quo corrupti illum et molestiae possimus et.',86),(87,'culpa','Pariatur alias repudiandae eum illo sint. Nulla qui voluptatem porro iste explicabo est. Ipsa voluptas et sit sequi earum sunt. Consequatur doloribus eum et sed fuga.',87),(88,'laudantium','Veritatis vitae et ad. Dolor perferendis reiciendis perspiciatis modi nemo. Velit esse est id minus quae dolorum. Nemo aut aut ut sit officiis.',88),(89,'vel','Laboriosam commodi dolores architecto voluptas. Est fugit voluptatem vero omnis sed. Mollitia cupiditate quae sed soluta. Tenetur vitae sunt vel ab quaerat tempora commodi fuga.',89),(90,'officiis','Id et sequi et a. Ex placeat placeat enim est qui.',90),(91,'quae','Sit vero occaecati eos eius. Explicabo officiis dolore magnam corporis. Error tempora nobis quo officia voluptate eos et. Voluptates dolore autem tenetur voluptatibus rem qui.',91),(92,'harum','Unde qui rem consequuntur magni consequatur eum pariatur. Eum amet ipsum consequuntur corporis qui necessitatibus. Ex iste reprehenderit est labore suscipit ex. Voluptatum eaque pariatur voluptate quia ducimus praesentium. Itaque nostrum volupta',92),(93,'sit','Praesentium asperiores voluptates in sed. Consequatur labore fugiat unde. Ratione et cum excepturi ea error.',93),(94,'aut','Quas nihil laboriosam eveniet ex qui suscipit suscipit. Eligendi neque vero est vel quas fugiat dolores. Et tenetur officiis natus.',94),(95,'dolorum','Recusandae reprehenderit quaerat excepturi qui vitae corrupti aliquid eius. Eos enim qui voluptas et est vel blanditiis. Odio placeat quibusdam expedita dolorum eligendi.',95),(96,'amet','Hic adipisci numquam quo quas eius rerum. Aliquam sit qui iusto temporibus velit error. Explicabo earum et odit harum placeat.',96),(97,'mollitia','Vel maxime ut est ad veniam deserunt assumenda. Totam aut iure possimus sunt.',97),(98,'ut','Eum est blanditiis ipsa nisi quae aspernatur ex. Nam ut delectus aut non in. Rerum vel quia explicabo dicta. Est quaerat blanditiis similique natus.',98),(99,'aut','Veritatis vero quod dolorem assumenda. Fuga ratione deleniti numquam corrupti vero cum officiis. Debitis ea eum non nulla fuga. Et excepturi qui voluptatibus assumenda. Veritatis doloremque at et nisi.',99),(100,'officiis','Quis quam nam quo sint asperiores eligendi. Voluptatem quia perspiciatis sit dicta labore facilis. Asperiores reprehenderit illo ratione. Voluptates delectus autem ullam iure incidunt ratione voluptates. Illo qui voluptates velit magni itaque.',100);
/*!40000 ALTER TABLE `communities` ENABLE KEYS */;
UNLOCK TABLES;

--
-- Table structure for table `communities_users`
--

DROP TABLE IF EXISTS `communities_users`;
/*!40101 SET @saved_cs_client     = @@character_set_client */;
/*!40101 SET character_set_client = utf8 */;
CREATE TABLE `communities_users` (
  `community_id` bigint(20) unsigned NOT NULL,
  `user_id` bigint(20) unsigned NOT NULL,
  `created_at` datetime NOT NULL DEFAULT current_timestamp(),
  PRIMARY KEY (`community_id`,`user_id`),
  KEY `fk_communities_users_comm_idx` (`community_id`),
  KEY `fk_communities_users_users_idx` (`user_id`),
  CONSTRAINT `fk_communities_users_comm` FOREIGN KEY (`community_id`) REFERENCES `communities` (`id`),
  CONSTRAINT `fk_communities_users_users` FOREIGN KEY (`user_id`) REFERENCES `users` (`id`)
) ENGINE=InnoDB DEFAULT CHARSET=utf8mb4 COLLATE=utf8mb4_unicode_ci;
/*!40101 SET character_set_client = @saved_cs_client */;

--
-- Dumping data for table `communities_users`
--

LOCK TABLES `communities_users` WRITE;
/*!40000 ALTER TABLE `communities_users` DISABLE KEYS */;
INSERT INTO `communities_users` VALUES (1,1,'1972-07-16 18:55:14'),(1,101,'1986-08-07 02:59:59'),(2,2,'1970-07-28 23:51:29'),(2,102,'2015-02-15 14:40:36'),(3,3,'2014-01-04 13:19:40'),(3,103,'1987-02-17 14:37:11'),(4,4,'1981-09-22 22:03:10'),(4,104,'1975-05-25 18:14:35'),(5,5,'2008-06-09 08:17:14'),(5,105,'1973-07-12 14:29:08'),(6,6,'1998-01-27 17:26:55'),(6,106,'1974-01-08 02:07:50'),(7,7,'1980-03-21 06:52:16'),(7,107,'1992-08-05 19:54:05'),(8,8,'1988-04-29 15:20:42'),(8,108,'1994-03-17 12:56:41'),(9,9,'1974-01-18 04:37:01'),(9,109,'2002-12-09 14:53:40'),(10,10,'2000-07-31 18:13:46'),(10,110,'1976-07-05 12:12:17'),(11,11,'1991-10-18 20:26:15'),(11,111,'2005-07-07 01:47:41'),(12,12,'1986-07-27 06:10:51'),(12,112,'1988-02-22 12:53:50'),(13,13,'1999-12-05 09:12:55'),(13,113,'2010-03-31 03:02:04'),(14,14,'2014-10-06 06:51:16'),(14,114,'1974-01-09 15:46:23'),(15,15,'1980-05-29 00:25:31'),(15,115,'2016-06-26 12:26:56'),(16,16,'2012-10-19 18:08:38'),(16,116,'1981-11-02 22:57:53'),(17,17,'1988-09-04 11:52:52'),(17,117,'1987-04-23 03:06:01'),(18,18,'2008-12-18 02:39:25'),(18,118,'1975-09-11 22:43:49'),(19,19,'2016-08-01 16:40:51'),(19,119,'2013-05-22 18:35:37'),(20,20,'1994-12-23 15:09:16'),(20,120,'1988-07-30 12:17:07'),(21,21,'1993-01-21 17:34:20'),(21,121,'1985-07-18 02:10:47'),(22,22,'2007-12-12 23:00:21'),(22,122,'1989-10-29 16:07:39'),(23,23,'1972-11-27 06:30:26'),(23,123,'1974-05-09 10:32:26'),(24,24,'1991-01-14 16:55:07'),(24,124,'2002-05-10 19:53:36'),(25,25,'1992-07-13 00:38:15'),(25,125,'2010-03-29 11:00:53'),(26,26,'1989-10-01 09:00:06'),(26,126,'1975-11-10 12:06:28'),(27,27,'2020-01-21 10:11:52'),(27,127,'2014-08-22 22:24:49'),(28,28,'1972-06-28 11:55:04'),(28,128,'2010-06-07 18:39:18'),(29,29,'1986-05-13 13:13:12'),(29,129,'1987-02-19 08:20:10'),(30,30,'2001-12-08 02:54:35'),(30,130,'1984-12-21 06:47:35'),(31,31,'2008-11-05 03:57:44'),(31,131,'2000-08-03 01:49:02'),(32,32,'2005-10-08 12:24:48'),(32,132,'1972-06-15 08:46:48'),(33,33,'2009-03-06 14:55:05'),(33,133,'2015-04-03 14:36:07'),(34,34,'2018-03-24 10:08:06'),(34,134,'1971-04-07 15:17:05'),(35,35,'2017-01-05 03:49:12'),(35,135,'1977-10-02 02:45:11'),(36,36,'1987-09-14 12:42:04'),(36,136,'2012-08-22 15:18:22'),(37,37,'2010-12-27 22:43:42'),(37,137,'1977-07-04 11:00:19'),(38,38,'1990-03-26 18:34:13'),(38,138,'1983-08-08 13:17:33'),(39,39,'1971-04-04 20:36:54'),(39,139,'1988-06-27 12:47:54'),(40,40,'1992-09-12 18:21:07'),(40,140,'2015-08-18 08:09:11'),(41,41,'1978-12-08 10:17:20'),(41,141,'1991-04-30 04:35:36'),(42,42,'1987-03-24 02:32:35'),(42,142,'2001-04-17 08:13:03'),(43,43,'2009-10-02 03:14:39'),(43,143,'1972-10-16 12:03:36'),(44,44,'2017-06-01 11:56:46'),(44,144,'2005-09-30 23:11:15'),(45,45,'1999-01-26 04:24:46'),(45,145,'1984-03-02 10:49:12'),(46,46,'1994-04-15 14:23:35'),(46,146,'1997-06-22 02:02:03'),(47,47,'2001-07-14 03:43:13'),(47,147,'1979-04-15 21:29:19'),(48,48,'1970-04-21 09:40:49'),(48,148,'1993-12-02 19:02:29'),(49,49,'2001-12-28 00:24:54'),(49,149,'2015-02-08 02:48:56'),(50,50,'2007-02-08 18:19:55'),(50,150,'1988-01-16 13:31:06'),(51,51,'2003-12-10 07:46:45'),(51,151,'2003-08-30 16:41:21'),(52,52,'1997-09-06 15:02:07'),(52,152,'1970-08-31 04:09:07'),(53,53,'2009-08-04 17:56:47'),(53,153,'1973-01-12 16:38:44'),(54,54,'1989-11-24 19:36:18'),(54,154,'2017-04-08 10:41:22'),(55,55,'1994-03-25 12:33:50'),(55,155,'2003-06-06 06:32:39'),(56,56,'2009-09-14 03:37:35'),(56,156,'1992-10-02 19:22:29'),(57,57,'2007-07-24 00:13:44'),(57,157,'2001-07-22 19:33:50'),(58,58,'1979-02-01 23:41:39'),(58,158,'1970-07-18 21:48:23'),(59,59,'1979-03-14 07:38:37'),(59,159,'1991-09-16 11:55:09'),(60,60,'1992-07-13 15:53:55'),(60,160,'1984-10-06 06:58:54'),(61,61,'1996-07-16 19:41:11'),(61,161,'1970-05-15 06:44:59'),(62,62,'1988-12-01 04:47:43'),(62,162,'1973-10-11 12:56:33'),(63,63,'2014-12-10 04:45:17'),(63,163,'1997-10-02 06:58:31'),(64,64,'2018-10-02 14:30:48'),(64,164,'1981-05-30 16:02:21'),(65,65,'1996-08-14 23:05:48'),(65,165,'1972-02-01 23:57:39'),(66,66,'1988-11-18 18:31:43'),(66,166,'1995-09-09 17:15:42'),(67,67,'1986-05-15 14:46:48'),(67,167,'2009-06-22 05:54:12'),(68,68,'1983-06-24 18:22:17'),(68,168,'2008-09-21 04:35:43'),(69,69,'1989-01-27 02:27:51'),(69,169,'1987-02-16 16:48:07'),(70,70,'1974-12-13 08:20:18'),(70,170,'1985-09-14 02:32:52'),(71,71,'2007-07-03 05:49:46'),(71,171,'1994-03-08 03:42:59'),(72,72,'2010-04-16 01:02:33'),(72,172,'1989-12-05 08:16:28'),(73,73,'1979-12-06 17:45:12'),(73,173,'1994-07-15 02:58:48'),(74,74,'2016-09-03 07:14:22'),(74,174,'2007-09-16 21:14:22'),(75,75,'1998-10-14 06:42:23'),(75,175,'1998-07-06 18:52:12'),(76,76,'2019-06-06 04:04:20'),(76,176,'1999-09-09 04:32:04'),(77,77,'1989-06-08 21:31:36'),(77,177,'1991-10-19 23:57:15'),(78,78,'2004-06-09 15:46:57'),(78,178,'2013-02-12 15:54:43'),(79,79,'1972-10-05 07:37:46'),(79,179,'2020-12-03 17:27:35'),(80,80,'1996-05-08 15:28:39'),(80,180,'2010-03-24 04:01:19'),(81,81,'2001-12-17 21:23:01'),(81,181,'1987-11-03 10:23:41'),(82,82,'2006-01-01 04:10:17'),(82,182,'1973-01-29 07:37:49'),(83,83,'2000-10-30 22:45:57'),(83,183,'2014-12-13 17:32:55'),(84,84,'1975-06-10 14:43:12'),(84,184,'2005-08-08 00:58:16'),(85,85,'1982-08-15 20:27:52'),(85,185,'1999-01-24 16:48:05'),(86,86,'1978-02-21 18:51:02'),(86,186,'2009-04-26 01:51:21'),(87,87,'1984-04-30 06:48:47'),(87,187,'1976-05-06 15:09:15'),(88,88,'1991-03-16 11:09:01'),(88,188,'1999-03-19 18:00:38'),(89,89,'2009-07-12 22:19:56'),(89,189,'1972-08-08 15:30:47'),(90,90,'2011-02-16 12:37:54'),(90,190,'2015-08-02 14:18:08'),(91,91,'2000-02-05 06:18:04'),(91,191,'2019-01-07 23:18:18'),(92,92,'1994-11-22 12:14:37'),(92,192,'1991-02-10 12:23:06'),(93,93,'2001-05-12 07:28:43'),(93,193,'2017-05-24 20:01:11'),(94,94,'1979-08-29 03:50:23'),(94,194,'2014-12-20 23:51:59'),(95,95,'1976-04-03 13:36:33'),(95,195,'1996-04-19 12:48:15'),(96,96,'1994-04-01 10:03:37'),(96,196,'1988-12-15 08:43:36'),(97,97,'2007-10-31 23:41:07'),(97,197,'2014-05-08 04:30:46'),(98,98,'1971-12-26 19:31:15'),(98,198,'1971-08-02 02:23:37'),(99,99,'1984-10-23 11:52:10'),(99,199,'1989-12-16 02:52:20'),(100,100,'1974-03-16 11:55:18'),(100,200,'2020-06-04 12:05:40');
/*!40000 ALTER TABLE `communities_users` ENABLE KEYS */;
UNLOCK TABLES;

--
-- Table structure for table `friend_requests`
--

DROP TABLE IF EXISTS `friend_requests`;
/*!40101 SET @saved_cs_client     = @@character_set_client */;
/*!40101 SET character_set_client = utf8 */;
CREATE TABLE `friend_requests` (
  `from_user_id` bigint(20) unsigned NOT NULL,
  `to_user_id` bigint(20) unsigned NOT NULL,
  `accepted` tinyint(1) DEFAULT 0,
  `created_at` datetime DEFAULT current_timestamp(),
  `updated_at` datetime DEFAULT NULL ON UPDATE current_timestamp(),
  PRIMARY KEY (`from_user_id`,`to_user_id`),
  KEY `fk_friend_requests_from_user_idx` (`from_user_id`),
  KEY `fk_friend_requests_to_user_idx` (`to_user_id`),
  CONSTRAINT `fk_friend_requests_users_1` FOREIGN KEY (`from_user_id`) REFERENCES `users` (`id`),
  CONSTRAINT `fk_friend_requests_users_2` FOREIGN KEY (`to_user_id`) REFERENCES `users` (`id`)
) ENGINE=InnoDB DEFAULT CHARSET=utf8mb4 COLLATE=utf8mb4_unicode_ci;
/*!40101 SET character_set_client = @saved_cs_client */;

--
-- Dumping data for table `friend_requests`
--

LOCK TABLES `friend_requests` WRITE;
/*!40000 ALTER TABLE `friend_requests` DISABLE KEYS */;
INSERT INTO `friend_requests` VALUES (1,1,1,'2020-06-12 23:55:58','1988-04-20 22:22:56'),(2,2,1,'1995-02-07 22:32:34','2015-07-16 15:35:43'),(3,3,1,'2010-07-20 02:34:38','2017-09-16 19:50:28'),(4,4,0,'1972-05-11 18:30:02','1989-06-13 09:46:37'),(5,5,1,'1974-09-29 05:57:23','1973-09-03 19:57:34'),(6,6,1,'1998-11-29 10:20:03','2012-02-12 14:08:53'),(7,7,0,'1980-01-27 09:01:01','1999-08-18 00:55:41'),(8,8,0,'1987-04-14 14:17:48','2020-08-18 22:19:31'),(9,9,1,'1984-07-24 00:41:19','2011-07-15 21:58:15'),(10,10,1,'1976-04-09 03:14:11','1985-03-12 07:59:41'),(11,11,1,'1979-12-14 07:50:47','1982-12-03 03:00:26'),(12,12,0,'2007-08-11 18:31:47','1973-12-01 04:10:37'),(13,13,0,'1996-02-24 05:06:00','2010-12-21 07:18:19'),(14,14,0,'1970-07-13 03:16:52','1977-01-19 04:46:39'),(15,15,1,'1990-12-21 10:17:42','1977-12-12 04:52:26'),(16,16,1,'1996-09-19 19:13:24','2015-10-29 08:49:13'),(17,17,1,'1982-06-17 08:08:46','1982-12-20 01:40:17'),(18,18,0,'2009-08-19 05:32:44','1987-05-12 13:13:06'),(19,19,0,'1970-02-02 17:10:13','1977-09-11 09:17:15'),(20,20,0,'2009-01-19 08:59:51','1986-09-04 16:07:11'),(21,21,1,'2009-02-09 00:04:27','1975-06-16 00:02:21'),(22,22,1,'1997-07-30 08:31:00','1982-12-06 15:30:28'),(23,23,1,'1989-09-26 02:50:51','1978-01-06 23:14:35'),(24,24,1,'2006-06-10 18:00:26','1977-09-28 15:12:49'),(25,25,1,'1982-01-25 04:15:23','2003-01-23 22:07:34'),(26,26,0,'1999-09-07 04:01:28','1996-07-12 19:35:19'),(27,27,0,'1990-02-05 19:53:32','2002-10-25 05:46:36'),(28,28,1,'1994-01-27 22:54:50','1976-04-03 23:45:03'),(29,29,1,'2019-07-29 06:24:06','1978-07-01 17:00:25'),(30,30,1,'2004-05-20 21:49:25','1980-04-10 23:05:35'),(31,31,0,'2001-10-14 05:26:28','2014-10-22 06:41:20'),(32,32,0,'1978-10-24 23:13:19','1994-01-23 13:24:58'),(33,33,1,'2014-08-25 17:31:20','2005-02-26 14:22:28'),(34,34,0,'2001-04-10 12:08:31','2014-12-12 00:23:13'),(35,35,0,'1985-12-19 12:17:50','1994-10-26 20:47:44'),(36,36,0,'2003-06-22 06:13:35','1991-04-28 03:38:43'),(37,37,1,'2019-01-07 18:39:26','1988-05-06 11:27:04'),(38,38,1,'2004-12-03 10:11:58','2019-10-16 05:23:30'),(39,39,1,'2001-05-25 04:42:02','2015-06-16 11:28:43'),(40,40,1,'2008-04-12 19:16:11','2000-02-12 10:59:46'),(41,41,1,'2004-04-02 04:02:29','1985-12-01 06:05:02'),(42,42,0,'1986-12-26 12:52:26','1971-12-27 07:56:28'),(43,43,1,'2005-06-18 16:48:28','1991-12-04 17:07:47'),(44,44,0,'1971-06-07 18:47:57','1988-04-11 14:26:43'),(45,45,1,'2006-07-27 19:55:16','2012-12-29 17:22:04'),(46,46,1,'2021-02-19 11:17:42','2009-06-08 19:20:20'),(47,47,0,'2018-03-25 03:58:48','1970-04-30 21:48:41'),(48,48,1,'1981-03-08 07:56:21','2009-11-11 11:11:19'),(49,49,0,'2009-01-15 08:19:33','1980-05-29 00:10:48'),(50,50,0,'1991-11-22 12:15:18','1978-04-25 13:15:55'),(51,51,1,'2005-04-05 02:17:36','1971-02-24 19:52:20'),(52,52,0,'1998-02-18 08:37:11','1999-08-02 05:30:56'),(53,53,1,'2012-11-06 10:51:31','1976-07-04 23:07:45'),(54,54,1,'1977-11-02 06:44:22','1976-10-05 16:19:28'),(55,55,1,'1999-12-04 06:17:33','1993-08-05 12:36:50'),(56,56,1,'2014-05-17 10:39:07','1982-07-18 04:42:03'),(57,57,0,'2017-01-19 00:14:46','2003-05-25 23:26:06'),(58,58,1,'2007-08-20 08:06:56','2017-05-26 20:24:23'),(59,59,1,'2015-01-28 17:54:50','1983-12-23 16:24:46'),(60,60,0,'1991-01-13 23:21:09','1981-12-19 01:32:26'),(61,61,0,'1988-10-31 13:55:13','1981-07-28 09:30:44'),(62,62,0,'2006-06-14 21:03:43','2004-01-08 21:16:04'),(63,63,1,'1983-05-30 12:37:14','2020-09-14 16:57:11'),(64,64,1,'2003-12-04 13:24:31','2019-03-30 03:37:58'),(65,65,1,'1982-03-12 12:33:53','1999-09-27 19:45:32'),(66,66,0,'1978-03-26 22:21:46','1995-12-06 05:53:40'),(67,67,1,'1992-11-03 01:16:12','1991-11-29 20:16:15'),(68,68,0,'2003-06-25 17:07:20','1970-04-19 08:39:05'),(69,69,1,'1993-10-03 21:47:24','1986-08-04 16:13:12'),(70,70,1,'2008-11-01 04:05:24','1998-12-15 00:24:56'),(71,71,0,'1989-07-30 19:33:37','1993-10-16 07:16:38'),(72,72,1,'1997-12-30 14:03:53','2014-07-21 03:48:59'),(73,73,0,'2014-11-06 06:17:51','1983-10-17 02:51:38'),(74,74,0,'1972-07-21 08:47:34','1977-11-30 17:43:11'),(75,75,0,'1982-01-29 06:35:16','1994-10-02 06:27:24'),(76,76,1,'1973-08-27 22:13:03','1978-10-03 16:16:53'),(77,77,1,'1989-04-18 00:12:30','2005-12-27 00:17:27'),(78,78,0,'1981-08-05 17:43:05','1983-10-15 23:00:35'),(79,79,1,'1973-01-16 18:19:18','1978-05-18 19:00:46'),(80,80,0,'2021-02-09 22:38:32','1988-11-13 15:31:34'),(81,81,0,'1982-09-14 13:21:18','2019-08-05 03:12:51'),(82,82,1,'1996-07-18 19:41:44','2011-03-22 11:26:44'),(83,83,0,'1984-03-06 03:36:16','1972-07-24 02:54:52'),(84,84,0,'1983-03-13 03:17:50','2010-12-19 23:36:38'),(85,85,1,'1992-07-06 15:38:08','1988-05-13 08:48:20'),(86,86,1,'1976-09-07 05:30:52','2009-07-17 21:47:50'),(87,87,0,'2000-11-09 03:16:49','1979-08-21 13:13:37'),(88,88,1,'1991-03-23 02:20:45','2011-11-18 23:36:23'),(89,89,1,'1976-03-06 06:57:30','1984-09-06 11:59:17'),(90,90,0,'2005-01-15 19:40:22','2015-01-07 17:10:56'),(91,91,0,'2004-09-06 11:25:49','1983-08-25 04:28:38'),(92,92,1,'1983-06-16 07:41:19','1976-04-11 19:50:58'),(93,93,0,'2002-04-07 02:20:48','2013-05-02 02:57:50'),(94,94,0,'2020-09-18 15:21:53','2021-01-20 13:16:53'),(95,95,0,'2006-01-15 00:36:22','1972-07-03 03:46:52'),(96,96,1,'2020-02-12 23:49:22','2003-11-19 22:11:11'),(97,97,0,'1980-12-22 00:19:18','1986-07-21 03:23:27'),(98,98,1,'1975-04-28 09:08:26','1995-07-06 13:03:28'),(99,99,0,'1992-02-06 03:08:12','1999-09-11 20:02:34'),(100,100,0,'2009-06-17 01:50:32','2000-05-13 02:42:21');
/*!40000 ALTER TABLE `friend_requests` ENABLE KEYS */;
UNLOCK TABLES;

--
-- Table structure for table `media`
--

DROP TABLE IF EXISTS `media`;
/*!40101 SET @saved_cs_client     = @@character_set_client */;
/*!40101 SET character_set_client = utf8 */;
CREATE TABLE `media` (
  `id` bigint(20) unsigned NOT NULL AUTO_INCREMENT,
  `user_id` bigint(20) unsigned NOT NULL,
  `media_types_id` int(10) unsigned NOT NULL,
  `file_name` varchar(245) COLLATE utf8mb4_unicode_ci DEFAULT NULL COMMENT '/files/folder/img.png',
  `file_size` bigint(20) DEFAULT NULL,
  `created_at` datetime NOT NULL DEFAULT current_timestamp(),
  PRIMARY KEY (`id`),
  KEY `fk_media_media_types_idx` (`media_types_id`),
  KEY `fk_media_users_idx` (`user_id`),
  CONSTRAINT `fk_media_media_types` FOREIGN KEY (`media_types_id`) REFERENCES `media_types` (`id`),
  CONSTRAINT `fk_media_users` FOREIGN KEY (`user_id`) REFERENCES `users` (`id`)
) ENGINE=InnoDB AUTO_INCREMENT=121 DEFAULT CHARSET=utf8mb4 COLLATE=utf8mb4_unicode_ci;
/*!40101 SET character_set_client = @saved_cs_client */;

--
-- Dumping data for table `media`
--

LOCK TABLES `media` WRITE;
/*!40000 ALTER TABLE `media` DISABLE KEYS */;
INSERT INTO `media` VALUES (1,1,1,'neque',705449374,'1979-04-06 10:15:00'),(2,2,2,'nisi',0,'1979-05-29 14:23:04'),(3,3,3,'velit',795300423,'2009-05-22 16:23:53'),(4,4,4,'doloremque',21,'2001-12-21 14:57:39'),(5,5,1,'quia',7825825,'1985-04-27 16:41:21'),(6,6,2,'repudiandae',672,'1997-05-14 15:11:48'),(7,7,3,'voluptas',5499824,'2020-03-10 02:48:04'),(8,8,4,'asperiores',297,'1973-02-06 23:36:08'),(9,9,1,'magni',487289,'1988-11-15 23:36:24'),(10,10,2,'autem',941,'2001-09-11 00:12:59'),(11,11,3,'ducimus',5,'1975-11-10 11:26:42'),(12,12,4,'tenetur',987,'1974-11-26 06:41:35'),(13,13,1,'animi',685,'1981-05-01 04:36:40'),(14,14,2,'est',8,'1983-03-02 14:25:34'),(15,15,3,'totam',5,'1981-08-07 04:25:23'),(16,16,4,'est',0,'1975-08-10 09:11:31'),(17,17,1,'quidem',46,'2007-06-24 20:41:04'),(18,18,2,'dolores',118641,'2020-05-07 02:52:16'),(19,19,3,'impedit',18,'2003-01-24 23:48:24'),(20,20,4,'molestias',604122,'2018-02-20 20:28:45'),(21,21,1,'dicta',2621,'1978-09-15 00:45:44'),(22,22,2,'assumenda',20,'1989-04-07 13:44:01'),(23,23,3,'ut',0,'2004-08-07 22:40:17'),(24,24,4,'numquam',3,'2021-03-09 23:10:35'),(25,25,1,'non',566,'1989-09-17 00:20:15'),(26,26,2,'quis',241,'1981-06-13 10:30:07'),(27,27,3,'similique',13171407,'2012-09-20 23:25:20'),(28,28,4,'ut',16072880,'1995-05-09 16:40:51'),(29,29,1,'accusantium',3246923,'1973-12-18 05:37:56'),(30,30,2,'non',399974,'2009-06-05 14:56:45'),(31,31,3,'consequatur',491,'1973-09-04 11:05:20'),(32,32,4,'tempore',4,'1973-01-23 08:54:08'),(33,33,1,'consequatur',7718764,'1974-03-20 14:23:09'),(34,34,2,'mollitia',57337,'2019-03-04 15:01:04'),(35,35,3,'sit',0,'1978-12-02 17:35:06'),(36,36,4,'sed',8608451,'2003-01-13 14:26:54'),(37,37,1,'accusamus',537,'1995-11-18 12:37:10'),(38,38,2,'sed',22370,'1984-06-18 06:10:18'),(39,39,3,'hic',260,'1993-11-09 01:40:58'),(40,40,4,'omnis',325,'1983-03-16 22:43:53'),(41,41,1,'nemo',997540,'2016-12-02 12:47:46'),(42,42,2,'iusto',53566,'2008-10-26 18:08:57'),(43,43,3,'dolores',479868490,'1981-08-20 14:08:56'),(44,44,4,'quis',1214,'1994-01-21 07:31:40'),(45,45,1,'maiores',677399333,'2014-03-03 01:23:18'),(46,46,2,'sequi',516702,'1983-06-10 16:29:13'),(47,47,3,'quos',13055,'1993-06-01 12:32:31'),(48,48,4,'aut',2909,'1978-08-23 23:56:14'),(49,49,1,'tempore',0,'1994-03-14 13:33:06'),(50,50,2,'et',3316979,'1982-06-28 11:27:40'),(51,51,3,'vel',129974638,'2016-11-01 20:09:43'),(52,52,4,'laborum',186939,'2003-09-25 17:38:05'),(53,53,1,'exercitationem',7,'2010-12-17 01:11:17'),(54,54,2,'exercitationem',2733143,'1982-10-23 08:52:33'),(55,55,3,'praesentium',3820,'2016-10-23 16:02:11'),(56,56,4,'sit',7874187,'2009-06-02 20:22:28'),(57,57,1,'modi',14368917,'1985-09-06 08:15:32'),(58,58,2,'optio',1698,'2016-06-12 16:39:05'),(59,59,3,'suscipit',59,'1978-02-11 18:16:50'),(60,60,4,'quos',38446427,'1986-07-20 03:35:04'),(61,61,1,'facilis',63,'2004-07-04 16:08:08'),(62,62,2,'vel',5500,'2012-03-01 05:18:44'),(63,63,3,'expedita',0,'1980-10-22 18:05:41'),(64,64,4,'aperiam',76,'2005-12-19 18:31:37'),(65,65,1,'sit',73,'2017-08-27 10:39:31'),(66,66,2,'veniam',6686,'1983-06-19 07:34:03'),(67,67,3,'doloremque',307728650,'1972-02-29 18:40:36'),(68,68,4,'non',2940654,'2011-02-11 09:18:13'),(69,69,1,'nam',52,'1989-09-14 00:02:15'),(70,70,2,'incidunt',75538,'2005-08-20 22:13:20'),(71,71,3,'et',13712,'1997-05-27 01:20:57'),(72,72,4,'sit',4248,'2010-11-19 04:37:38'),(73,73,1,'cupiditate',0,'1986-04-20 20:51:10'),(74,74,2,'ex',63473766,'1999-01-01 03:08:03'),(75,75,3,'sit',3184,'2011-02-19 09:34:58'),(76,76,4,'aut',845610209,'1998-06-15 11:15:53'),(77,77,1,'sunt',70,'1991-08-05 08:14:52'),(78,78,2,'veniam',286938409,'1990-01-17 23:34:23'),(79,79,3,'expedita',27802640,'1995-03-10 06:33:08'),(80,80,4,'molestiae',857117,'1997-06-20 00:27:12'),(81,81,1,'cum',498208499,'1982-08-30 14:28:23'),(82,82,2,'tenetur',547807,'2013-07-13 03:22:18'),(83,83,3,'eum',27174604,'2006-01-14 01:18:38'),(84,84,4,'doloremque',8296,'1983-08-23 03:46:43'),(85,85,1,'quas',83844,'1986-09-25 12:55:04'),(86,86,2,'est',81063,'1999-12-28 00:01:00'),(87,87,3,'architecto',55515,'1973-10-09 22:45:02'),(88,88,4,'neque',535976557,'1991-07-04 04:46:46'),(89,89,1,'incidunt',654,'2018-03-25 10:02:00'),(90,90,2,'quia',741,'1990-07-23 12:39:14'),(91,91,3,'iste',27566471,'1986-10-22 16:15:03'),(92,92,4,'voluptatem',2337,'2006-02-11 15:40:15'),(93,93,1,'minus',24699190,'1973-06-10 00:47:30'),(94,94,2,'commodi',51968,'1988-08-02 01:25:37'),(95,95,3,'aut',63899,'2009-08-14 20:40:44'),(96,96,4,'in',2482,'2013-03-13 04:05:38'),(97,97,1,'quidem',112147,'2004-05-23 07:42:21'),(98,98,2,'sed',600877,'1978-12-21 00:44:08'),(99,99,3,'cumque',82132842,'2000-01-07 08:44:56'),(100,100,4,'expedita',843538,'1983-10-31 05:53:13'),(101,101,1,'repellat',689381,'1997-07-23 21:17:02'),(102,102,2,'voluptatem',9,'2007-04-16 16:30:50'),(103,103,3,'culpa',24,'1982-06-08 02:33:16'),(104,104,4,'quae',58493985,'1992-06-10 03:29:00'),(105,105,1,'dolore',66861333,'2001-12-01 06:51:28'),(106,106,2,'et',44662,'1974-08-14 10:50:51'),(107,107,3,'vitae',1,'1978-09-05 20:04:55'),(108,108,4,'et',312553324,'2004-03-02 13:52:52'),(109,109,1,'nihil',98,'2017-10-04 20:52:57'),(110,110,2,'veritatis',961806374,'2009-04-08 22:56:19'),(111,111,3,'reprehenderit',732732676,'2014-08-11 19:10:44'),(112,112,4,'sit',839990126,'1976-04-23 12:50:23'),(113,113,1,'tenetur',93764660,'2018-10-25 17:49:18'),(114,114,2,'est',29195,'1974-04-27 22:18:40'),(115,115,3,'ut',12593,'1997-07-07 20:21:49'),(116,116,4,'vero',602368,'1993-10-30 13:52:12'),(117,117,1,'praesentium',32974536,'1999-03-30 04:38:21'),(118,118,2,'repellendus',5775,'1980-03-21 12:00:42'),(119,119,3,'similique',0,'2011-03-29 20:31:12'),(120,120,4,'maiores',0,'2000-10-28 06:10:51');
/*!40000 ALTER TABLE `media` ENABLE KEYS */;
UNLOCK TABLES;

--
-- Table structure for table `media_types`
--

DROP TABLE IF EXISTS `media_types`;
/*!40101 SET @saved_cs_client     = @@character_set_client */;
/*!40101 SET character_set_client = utf8 */;
CREATE TABLE `media_types` (
  `id` int(10) unsigned NOT NULL AUTO_INCREMENT,
  `name` varchar(45) COLLATE utf8mb4_unicode_ci NOT NULL,
  PRIMARY KEY (`id`),
  UNIQUE KEY `name` (`name`)
) ENGINE=InnoDB AUTO_INCREMENT=5 DEFAULT CHARSET=utf8mb4 COLLATE=utf8mb4_unicode_ci;
/*!40101 SET character_set_client = @saved_cs_client */;

--
-- Dumping data for table `media_types`
--

LOCK TABLES `media_types` WRITE;
/*!40000 ALTER TABLE `media_types` DISABLE KEYS */;
INSERT INTO `media_types` VALUES (4,'f4v'),(1,'pic'),(2,'uu'),(3,'vcard');
/*!40000 ALTER TABLE `media_types` ENABLE KEYS */;
UNLOCK TABLES;

--
-- Table structure for table `messages`
--

DROP TABLE IF EXISTS `messages`;
/*!40101 SET @saved_cs_client     = @@character_set_client */;
/*!40101 SET character_set_client = utf8 */;
CREATE TABLE `messages` (
  `id` bigint(20) unsigned NOT NULL AUTO_INCREMENT,
  `from_user_id` bigint(20) unsigned NOT NULL,
  `to_user_id` bigint(20) unsigned NOT NULL,
  `txt` text COLLATE utf8mb4_unicode_ci NOT NULL,
  `is_delivered` tinyint(1) DEFAULT 0,
  `created_at` datetime NOT NULL DEFAULT current_timestamp(),
  `updated_at` datetime DEFAULT NULL ON UPDATE current_timestamp(),
  PRIMARY KEY (`id`),
  KEY `fk_messages_from_user_idx` (`from_user_id`),
  KEY `fk_messages_to_user_idx` (`to_user_id`),
  CONSTRAINT `fk_messages_users_1` FOREIGN KEY (`from_user_id`) REFERENCES `users` (`id`),
  CONSTRAINT `fk_messages_users_2` FOREIGN KEY (`to_user_id`) REFERENCES `users` (`id`)
) ENGINE=InnoDB AUTO_INCREMENT=151 DEFAULT CHARSET=utf8mb4 COLLATE=utf8mb4_unicode_ci;
/*!40101 SET character_set_client = @saved_cs_client */;

--
-- Dumping data for table `messages`
--

LOCK TABLES `messages` WRITE;
/*!40000 ALTER TABLE `messages` DISABLE KEYS */;
INSERT INTO `messages` VALUES (1,1,1,'Pariatur quae quis vel minima at natus. Odit qui nostrum voluptates harum reiciendis alias enim omnis. Dolores quas laboriosam natus itaque nostrum qui temporibus. Eum quo rerum veniam.',1,'1977-03-14 19:59:49','2017-08-21 06:10:11'),(2,2,2,'Fugit dignissimos soluta labore at. Inventore debitis sed alias fugit quasi aliquam minus maiores. Quas est et et qui ratione aut.',0,'2009-11-25 07:31:01','2015-07-23 16:19:02'),(3,3,3,'Illo blanditiis qui similique quasi quis. Ea voluptas rerum voluptatem voluptatibus consectetur ut. Aut a recusandae molestiae dolor est beatae excepturi.',1,'1993-03-05 04:25:37','2019-04-11 00:58:34'),(4,4,4,'Ratione sit consequatur ratione eius veniam exercitationem natus voluptas. Sequi nulla id excepturi ut voluptatem. Harum sint eos ipsa voluptatibus impedit. Vel dolorum nisi tempore.',0,'1990-01-22 21:45:46','1993-10-17 15:22:40'),(5,5,5,'Ad quia dolor et ea nostrum. Consequuntur velit assumenda ipsa quibusdam ab perferendis at. Sed ut ut accusamus.\nNon enim vitae et tempore. Nam aut non est natus. Quia aut suscipit nam.',0,'1978-07-21 13:17:53','1972-06-09 01:59:09'),(6,6,6,'Omnis et et deserunt quas maiores. Sunt non quasi saepe laboriosam. In reiciendis voluptatem magni reiciendis nostrum. Quia doloribus quos assumenda impedit dolores quod veniam.',0,'1985-02-16 17:07:23','1987-10-14 20:40:02'),(7,7,7,'Sed aut velit numquam laudantium veritatis consequuntur. Praesentium maiores facilis sit ut quia harum. Voluptate architecto et quam harum.',1,'2007-09-01 00:35:38','2017-10-22 19:24:04'),(8,8,8,'Consequuntur iusto nam omnis numquam sequi excepturi officia. Vel eos est quibusdam ut et. Explicabo architecto nesciunt dicta totam.',1,'2021-02-15 12:53:03','1993-05-12 16:40:28'),(9,9,9,'Totam non minus sed dicta eveniet ab sunt. Laboriosam dolorem delectus voluptas sint. Ratione cumque et et deleniti.',0,'2015-03-21 12:50:17','1983-08-27 18:06:14'),(10,10,10,'Laudantium et cumque enim doloribus vel est. Id inventore sunt architecto ab cumque minus consequuntur. Saepe eum sit quas accusamus alias numquam. Nobis et eos eveniet quidem fugit.',1,'2017-10-01 00:24:17','1992-06-27 17:47:56'),(11,11,11,'Aliquid laboriosam dolores animi et non. Sed ut aut ipsa veritatis et sapiente voluptates fugiat. Doloribus dolor cupiditate eaque ad dolores ipsa est. Animi nostrum ducimus laborum quis.',1,'1977-11-29 19:13:44','2000-07-21 05:32:19'),(12,12,12,'Corporis et hic numquam sit. Itaque sit mollitia facere eum. Ea consequatur sapiente id et nobis sapiente nostrum. Reiciendis non ut omnis doloremque id in.',0,'2007-12-30 16:35:00','1976-11-11 10:38:56'),(13,13,13,'Vel officiis vel optio dolores. Et est dignissimos et eius dicta sit. Alias veniam consequatur corrupti alias.',0,'1971-01-17 08:20:55','1977-12-13 09:47:52'),(14,14,14,'Cupiditate possimus cupiditate rerum cum eveniet aut. Ipsum consectetur est molestias rerum et omnis. Est unde omnis quia enim aut voluptas quis et. Aliquid accusamus quia iste in modi et.',1,'2016-09-30 11:05:11','2020-11-02 14:44:50'),(15,15,15,'Perferendis aperiam nobis rerum. Corporis quo laudantium libero quidem eveniet. Quod quia cumque qui mollitia autem.',0,'2001-08-16 01:00:12','1987-05-28 18:23:33'),(16,16,16,'Ipsam aperiam rerum consequatur. Perferendis quis maxime iste voluptate nostrum aliquam quidem. Quia expedita eum minus porro rerum possimus inventore.',0,'2000-04-24 00:03:34','2007-06-29 16:44:27'),(17,17,17,'Voluptate distinctio sequi sit. Ut odio quas pariatur nesciunt ea vero voluptatem. Nulla occaecati quaerat repudiandae error.',1,'2018-06-05 15:52:10','1974-09-20 15:42:11'),(18,18,18,'Blanditiis quidem aperiam perspiciatis accusamus accusamus est quod. Dignissimos adipisci consectetur ipsam dolorem est. Laudantium natus hic quia autem vel ut.',0,'1977-01-16 23:35:42','1978-12-03 20:00:45'),(19,19,19,'Vel ut quis placeat repellendus cupiditate quia fugit. Nesciunt laboriosam minus fuga quia error. Rerum error suscipit fuga assumenda.',0,'1974-09-02 12:30:15','1994-03-07 14:45:37'),(20,20,20,'Laborum similique temporibus aut in. Quas totam ut qui ut amet. Sed atque non eos officia. Non corporis natus sint earum. Quae consequatur asperiores sit culpa.',0,'2019-04-12 11:08:49','2019-02-25 12:46:09'),(21,21,21,'Omnis repellendus animi consectetur minima sapiente id laboriosam. Sed distinctio unde exercitationem aut quasi aliquid. Quod minima dolore quisquam.',1,'2008-04-15 08:21:09','1980-10-11 00:51:17'),(22,22,22,'Sed perspiciatis placeat aut ad qui voluptatum at. Et nobis omnis aperiam sed et sint consectetur. Aperiam fuga eveniet rem nobis in distinctio.',0,'1999-08-01 00:52:34','2008-04-22 03:10:56'),(23,23,23,'Et cupiditate incidunt qui id cupiditate. Quibusdam sit sunt excepturi explicabo explicabo. Saepe eos nulla similique possimus iure.',1,'1992-03-22 10:58:23','2005-04-25 04:09:03'),(24,24,24,'Velit aut totam quam ut et. Magni quia explicabo recusandae non doloremque. Asperiores occaecati quia doloremque est molestiae neque. Ut dolores illum molestiae dolor optio expedita.',1,'1985-01-09 14:43:31','1999-11-03 17:50:30'),(25,25,25,'Laboriosam quo sit quia rerum et id nisi at. Ullam recusandae aliquid quidem nemo a aliquam. Ad voluptatum quia incidunt saepe veniam.',1,'1999-01-14 06:12:32','2000-03-14 23:56:42'),(26,26,26,'Quod voluptate sequi fuga ipsam soluta. Ab quae sint exercitationem quo. Et reprehenderit voluptas ut et voluptatem voluptas.',0,'2003-09-18 18:52:07','1992-01-17 01:35:55'),(27,27,27,'Quam deserunt sapiente quaerat. Aliquam omnis culpa et ut et nemo. Non sunt fugit eius libero quisquam. Dolores modi dolor occaecati earum aliquid officia maxime.',1,'1975-06-13 23:04:00','2015-03-16 06:36:28'),(28,28,28,'Perspiciatis ipsum et laboriosam aut quisquam reprehenderit autem. Perspiciatis nostrum praesentium quia molestiae. Quidem officia nobis corrupti cupiditate. Accusamus dolorem non sit.',1,'2001-03-10 03:28:56','2007-08-04 21:26:04'),(29,29,29,'Accusantium tempore non ex qui. Iusto est eveniet id quis eos optio voluptatibus eum. Adipisci maiores et in asperiores provident cum dolore.',1,'1992-12-22 06:10:57','2016-10-20 06:02:24'),(30,30,30,'Dolorum qui id corrupti illo voluptates. Necessitatibus nesciunt dolores minus excepturi reprehenderit ea. Voluptatum rem mollitia adipisci. Illo ut tenetur fuga sunt quisquam.',0,'1974-08-19 01:00:08','2009-01-20 21:52:44'),(31,31,31,'Eum saepe voluptatibus id maxime beatae. Dolor corrupti minus eius quia aut laboriosam dolore consequatur. Ducimus aperiam cum nihil dolorum maiores a.',0,'2009-01-05 08:58:42','2014-12-07 13:58:04'),(32,32,32,'Cum cumque a aspernatur vero temporibus. Veniam quaerat vitae quia laborum. Enim totam et earum perferendis.',1,'1976-06-01 10:56:44','1990-12-22 03:40:19'),(33,33,33,'Hic rem voluptas illo praesentium sequi. Molestias aut soluta unde vel qui facere et. Perferendis et tempore sed aspernatur placeat dignissimos mollitia. Natus dolore odio animi reiciendis itaque.',1,'1990-07-12 12:12:44','1990-08-10 19:23:58'),(34,34,34,'Et laudantium qui quia praesentium. Soluta accusantium veritatis provident consequatur. Quas fugit vel possimus eaque voluptatem. Sed similique et aut debitis minus corporis.',0,'1991-06-05 23:08:14','1991-01-25 21:54:30'),(35,35,35,'Laudantium totam quis molestias et quo labore. Cumque dolores dolorem illum sunt eveniet. Odio repudiandae esse iure tempore aperiam. Est modi sit dolor quia provident.',0,'2008-01-10 19:06:53','1979-08-21 05:41:29'),(36,36,36,'Ullam doloribus qui ipsum consequatur sint enim. Asperiores qui praesentium repellat enim aliquam dolorum quas. Voluptate et iure at. Optio est rerum incidunt nesciunt modi amet magnam.',0,'1999-05-28 00:29:17','1995-10-08 05:58:28'),(37,37,37,'Dolorem at odio iure et et dolorem. Veritatis quis sed ullam adipisci eum similique. Adipisci nostrum repudiandae magni ipsa delectus error.',0,'1982-07-21 04:43:14','1972-05-09 00:12:04'),(38,38,38,'Quae modi natus nihil quisquam et aperiam. Distinctio eligendi est aperiam nihil ut rem sunt. A iste quaerat sequi deserunt voluptatem perferendis iste.',0,'1995-07-30 09:47:06','2002-12-14 03:13:22'),(39,39,39,'Beatae quibusdam soluta eum eligendi. Et distinctio voluptatibus ut quia voluptatum et. Et eaque et et omnis et sunt omnis.',1,'2007-02-18 18:01:08','2018-10-10 00:19:50'),(40,40,40,'Deleniti velit nulla et quod culpa tempore. Beatae repellendus sapiente nobis eius culpa temporibus error. Est et accusamus ullam ea ut consequatur saepe.',0,'1974-11-13 07:50:27','2017-11-19 03:12:33'),(41,41,41,'Voluptatem repellendus odio quos recusandae. Quo animi enim tenetur aliquam. Earum distinctio aspernatur dolore omnis. Voluptas consectetur voluptates molestias quasi eligendi dolores eum.',1,'2008-12-04 10:16:05','2010-03-29 02:21:46'),(42,42,42,'Quod tenetur sit consequuntur commodi. Molestias aliquam dolore quia et facere autem. Dolor et impedit dicta nihil dolor sequi.',1,'1971-05-05 03:19:47','2017-01-20 13:42:19'),(43,43,43,'Sed quia doloribus impedit praesentium modi fugit perspiciatis doloribus. Culpa et nemo accusamus enim ut libero odit. Pariatur in aspernatur vel quis maxime dicta quibusdam.',0,'2001-04-03 05:17:51','1982-08-14 04:25:34'),(44,44,44,'Non enim explicabo ratione sit. Consequatur perferendis expedita ut. Iusto aperiam ut nesciunt aperiam deserunt. Velit excepturi est omnis reprehenderit voluptates suscipit possimus.',1,'2008-05-06 22:07:24','2003-01-08 00:14:16'),(45,45,45,'Quia similique iste odio aut est. Quas sint quibusdam voluptatem ipsa ea. Id non aut molestiae sunt sunt rerum.',0,'1992-01-23 07:40:08','2005-12-16 23:35:55'),(46,46,46,'Incidunt eligendi laudantium et hic similique. Beatae quo veniam velit vitae odio odio dolorem. Veritatis culpa quia debitis aut cupiditate beatae et veritatis.',1,'1984-10-12 11:24:56','1987-07-10 10:16:36'),(47,47,47,'Dolor minus omnis rerum qui mollitia omnis enim. Consequuntur omnis voluptatum similique itaque placeat. Ipsam et sapiente asperiores repudiandae quasi veniam delectus nisi.',0,'1977-10-16 10:29:36','2013-11-23 17:03:27'),(48,48,48,'Nemo reprehenderit fugiat consequuntur earum. Debitis blanditiis consectetur sunt quidem eum. Quia dolorum nulla similique modi dolorum quam rerum. Corporis dolor sit blanditiis numquam iure.',1,'2014-12-21 11:06:56','2010-08-25 00:35:20'),(49,49,49,'Molestiae tempore accusantium vel. Veritatis ipsa facere qui illo id qui expedita. Fugiat facilis est id quam alias omnis error.',1,'2012-03-29 17:35:48','1971-05-12 20:55:41'),(50,50,50,'Aut quae quae vel maxime. Aut eligendi voluptate quas suscipit natus et voluptate praesentium. Dicta et deleniti assumenda quae. Nostrum nostrum accusantium qui placeat.',0,'2004-09-20 22:40:14','2009-05-28 12:48:28'),(51,51,51,'Molestiae accusamus est non. Deleniti veniam dolore corporis quos vitae eligendi corrupti. Voluptatem quo aut exercitationem quae aut. Architecto omnis doloremque architecto.',0,'1999-04-16 02:16:24','2013-06-07 17:44:54'),(52,52,52,'Qui consequatur quis perspiciatis rerum temporibus. Assumenda qui iure iste qui qui voluptas tenetur.',0,'1976-11-03 01:09:33','2011-04-03 00:10:32'),(53,53,53,'Neque dolores repudiandae expedita maxime nesciunt est. Similique pariatur at autem et ducimus. Beatae omnis sed est natus porro nostrum nihil ullam. Voluptas sunt modi explicabo ut error.',1,'1999-12-11 14:29:07','1976-10-19 02:43:39'),(54,54,54,'Quis occaecati ad et id itaque. In sit eos minus non aut. Saepe unde recusandae pariatur id. Molestiae dolor quos quas qui.',1,'2014-12-11 16:30:06','2006-05-21 01:37:00'),(55,55,55,'Nulla quod tempore nihil quis. Ut non reiciendis earum corporis ab. Blanditiis eveniet neque qui quaerat voluptas commodi maiores. Excepturi cumque tempora dolores laudantium.',0,'2013-02-10 15:06:26','2002-08-25 21:51:19'),(56,56,56,'Omnis quo magni ea ipsum ab. Ad ut porro facilis aut occaecati necessitatibus. Voluptas nihil autem et ut nemo ducimus optio.',0,'2002-03-16 23:28:46','1978-03-29 16:18:57'),(57,57,57,'Quaerat ea nihil officia commodi porro. Et doloribus voluptatem sunt eius. Facere est ut libero corporis blanditiis.',1,'2018-02-28 13:17:49','2010-07-16 05:30:28'),(58,58,58,'Eligendi ut velit inventore fuga alias. Officiis repudiandae veniam eaque. Consequatur aspernatur perferendis deserunt. Facilis deleniti laboriosam repellat et quia.',1,'1990-10-14 03:58:54','1990-04-05 06:45:20'),(59,59,59,'Est ad eos tempore est sint consequatur. Quos ab rem odit ab. Deleniti sunt vel nam qui consequuntur.',1,'2004-02-02 05:50:25','1990-09-03 00:26:55'),(60,60,60,'Sed omnis quis quidem. Aut nobis in et. Reiciendis beatae in laboriosam est minus esse.',0,'1999-11-27 02:43:52','1982-04-14 22:39:17'),(61,61,61,'Sequi nisi at aut repudiandae. Aliquid odit beatae ipsam corrupti deleniti. Fugiat itaque fugiat est vero natus animi ut.',0,'1976-06-07 11:09:58','1983-04-18 06:42:03'),(62,62,62,'Quia error at aspernatur ea placeat rerum. Reiciendis quis omnis molestiae quo voluptatibus fugiat. Culpa dolores ut in veritatis ullam sit. Voluptas soluta hic rerum aut ut.',1,'2015-02-05 16:28:56','1970-01-29 00:57:32'),(63,63,63,'Assumenda ipsam ex sint doloremque. Veniam quos ab velit optio. Ex laudantium ex consequatur minus voluptatum deleniti reprehenderit. Qui repellendus ea aut dolorem.',1,'1998-04-12 04:05:45','1985-12-01 01:24:20'),(64,64,64,'Debitis consequuntur voluptas et dolor nihil. Ea cupiditate voluptatem fugiat enim a delectus dolor. Error enim a natus et.',1,'2016-08-14 22:51:12','1995-01-30 05:14:29'),(65,65,65,'Qui libero facilis quae fugiat recusandae omnis enim. Id doloribus est est voluptatibus non nostrum. Tenetur qui ut modi. Fugit occaecati maxime omnis sit autem.',0,'2004-03-11 11:16:35','1993-02-03 23:47:34'),(66,66,66,'Dolorem fuga vel delectus amet. Molestias officia rem doloribus provident error. Ratione est esse temporibus accusamus.\nRepellat necessitatibus esse est sint quaerat dolor. Hic laborum dicta numquam.',1,'1978-09-29 13:58:33','1997-03-09 16:49:28'),(67,67,67,'Qui quia veniam blanditiis neque. Debitis illum fugiat tempora natus et occaecati. Est sint sunt excepturi enim maiores commodi modi.',0,'1984-02-09 21:02:19','2019-05-01 08:18:42'),(68,68,68,'Id exercitationem atque nemo. Quis facere non nemo aperiam aliquam vitae. Est aspernatur corporis laudantium pariatur rerum.',0,'2001-10-04 16:13:06','1999-02-24 22:01:03'),(69,69,69,'Perspiciatis eos eos consequatur et. In id ipsum repudiandae molestiae fugit labore. Molestiae molestias doloribus ipsum. Sunt debitis atque dicta et voluptatem ad officiis velit.',0,'1997-11-28 12:49:17','2001-01-05 23:08:46'),(70,70,70,'Aut eius laudantium quia eveniet autem. Quia voluptatem repudiandae voluptatem amet tempora.',1,'2004-02-17 14:01:20','1983-01-07 07:18:37'),(71,71,71,'Quos porro sint soluta aliquam aut. Consequatur in incidunt suscipit maxime quidem dolor. Asperiores veritatis ullam consequatur vitae natus sit.',1,'1994-04-19 22:44:01','2019-11-11 09:45:09'),(72,72,72,'Dolorem ab deserunt numquam nostrum animi. Ut omnis aut in voluptas molestias nemo. Impedit excepturi quia officia facilis numquam consequuntur.',0,'1997-02-06 07:30:18','2018-03-02 02:40:15'),(73,73,73,'Recusandae rerum aut quia qui aut. Dolorem et quod et. Illo nobis consequatur quia voluptatem blanditiis. Et et deleniti omnis porro ipsum consequatur.',1,'1978-08-21 22:03:57','1998-05-22 04:18:11'),(74,74,74,'Tempora tenetur dicta eligendi doloremque tenetur omnis sit excepturi. Ipsum omnis repellendus omnis. Minus consequatur iusto sapiente. Mollitia molestias aliquid corrupti voluptate aut et suscipit.',1,'1997-07-19 10:05:51','1988-02-19 16:53:53'),(75,75,75,'Architecto porro explicabo nisi aut qui. Eos vel laudantium magni. Enim deserunt rerum reprehenderit accusamus dolores vero dolores.',1,'2017-05-29 05:34:34','2017-01-12 15:42:40'),(76,76,76,'Ipsam cupiditate laudantium nobis eos accusantium dolores quo. Commodi pariatur nemo id commodi et. Itaque sunt pariatur qui sint vel eum. Impedit natus vitae aut mollitia vel quam iusto et.',0,'1974-11-13 07:52:22','1982-07-25 00:22:45'),(77,77,77,'Perspiciatis non mollitia et veritatis iure. Voluptatibus ut qui neque est nihil eum. Quia eligendi autem ut officia.',1,'1971-05-08 15:54:19','2011-01-11 11:46:40'),(78,78,78,'Id ipsum neque odio dicta magni. Tenetur tempora magni quae optio voluptatibus quasi. Libero animi deleniti et praesentium molestiae ratione porro deserunt. Blanditiis est facere ut tempore.',1,'1994-04-25 18:24:38','1975-04-18 16:33:53'),(79,79,79,'Aperiam aspernatur sit fuga perferendis. Minima voluptates sunt qui et voluptatem temporibus animi. Omnis minus a tenetur iure qui. Illo aut qui perspiciatis molestiae aliquid.',1,'2016-02-03 02:24:27','1989-11-06 21:14:17'),(80,80,80,'Vitae dicta dolorem iste voluptates aspernatur et aut. Unde ea neque voluptatibus sit aut eveniet. Porro mollitia dolor cum dignissimos.',0,'2012-10-16 03:33:22','1977-12-05 04:22:29'),(81,81,81,'Provident autem rem temporibus et aut. Ullam a quis consequatur excepturi. Qui saepe nemo optio et optio eligendi officia iusto. Sunt sapiente qui est quo aut impedit ratione.',1,'1980-03-11 10:02:06','1995-07-16 09:29:31'),(82,82,82,'Saepe numquam ab magnam. Et quas consequatur enim quos. Iste dolorem cum quos vero qui.',1,'2011-09-03 13:41:46','2009-03-17 01:25:51'),(83,83,83,'Facere aperiam dolore repudiandae qui. Eligendi soluta pariatur quidem inventore labore ut. Est deserunt enim commodi odio et dicta. Vel et reiciendis vitae.',0,'1976-09-24 10:17:51','1971-05-26 05:40:10'),(84,84,84,'Voluptates ipsum odio soluta reprehenderit quidem rerum. Hic voluptatem repellat omnis maiores placeat. Corporis illum dolorem rerum aspernatur non vel. Libero explicabo ea voluptates debitis.',1,'1999-04-09 07:25:46','2017-10-31 19:23:22'),(85,85,85,'Tenetur enim cum dignissimos enim cumque aut non. Sunt consequuntur accusamus cumque omnis velit minus dolorum. Exercitationem aut quos occaecati in. Impedit et ad rerum reiciendis.',1,'2005-02-23 15:54:51','2001-08-06 16:27:52'),(86,86,86,'Saepe est fugiat odit consequuntur. Alias praesentium ex et. Quo labore qui dolor sed officiis sed. Veniam tempora rerum consectetur nihil ut.',1,'2010-03-29 00:37:58','2006-05-06 18:20:11'),(87,87,87,'Sunt eos atque impedit ut qui dignissimos sint. Optio quam saepe tempora quia ut inventore. Dolore pariatur quia repellat corrupti molestias.',1,'2016-03-27 22:23:10','2018-09-13 06:58:16'),(88,88,88,'Sunt rem rerum laborum dolorem nihil nostrum. Non placeat qui adipisci maiores architecto cumque fugiat. Eum aut voluptatem voluptatem dolores expedita eum cum.',0,'1971-11-19 05:12:41','1993-10-23 17:35:53'),(89,89,89,'Suscipit dolores placeat et quia consectetur ut. Eligendi sed voluptatibus repellendus temporibus sit repellat dolorem. In exercitationem minus itaque quod fugit.',0,'1984-08-19 13:10:12','2004-02-01 12:58:24'),(90,90,90,'Quae eum totam sit debitis nesciunt sapiente. Unde at maiores voluptate fugiat porro hic quia. Veritatis laudantium laudantium illum aliquid. Qui mollitia consequatur omnis delectus.',0,'2011-12-01 12:30:56','2012-12-23 05:28:19'),(91,91,91,'Quidem itaque aliquid tempore. Enim velit vel quaerat praesentium voluptas. Error sint incidunt et at nihil esse. Et est aperiam est.',1,'1978-10-22 13:18:00','1996-09-12 19:57:23'),(92,92,92,'Optio ducimus cumque consequatur est repellendus. Omnis quidem sit quam sed laboriosam quia. Itaque et ipsa quod sed adipisci fuga. Perferendis nostrum quod inventore quisquam nesciunt excepturi.',0,'1975-12-17 07:24:58','2015-09-17 16:14:34'),(93,93,93,'Dolorem quia eligendi autem. In dignissimos dolor autem iusto tempore. Voluptas omnis alias labore alias. Et quia aut enim ut quia est reiciendis.',1,'1989-03-13 11:37:42','2008-05-17 08:51:59'),(94,94,94,'Odit a quisquam amet eveniet ducimus. Cumque officia adipisci quaerat ipsam debitis cum nobis voluptatem. Quasi corrupti sed ab iusto magni sunt. Iste id quis commodi ea. Et aut voluptates doloribus.',0,'2002-04-15 10:10:20','1984-03-24 22:21:34'),(95,95,95,'Et qui qui pariatur nesciunt eaque laudantium ipsum. Non quo et vel ut maxime quae. Id ut et eos. Aliquam eos magni velit mollitia.',1,'2013-06-10 21:28:12','1977-09-04 03:31:07'),(96,96,96,'Ut est ad ipsam modi. Qui sequi qui odio et sint asperiores quasi odio. Sequi neque repellendus ut consequatur animi id eum consequatur.',1,'1981-11-13 04:07:16','1990-03-29 02:49:42'),(97,97,97,'Amet itaque aut quia et voluptatem. Aut minima sed consequuntur.',1,'1986-01-21 02:46:19','1970-11-14 09:22:48'),(98,98,98,'Ut eum dolores sed aut aspernatur. Fugit placeat nesciunt quia non necessitatibus sed error. At assumenda voluptatem ullam beatae laboriosam libero officiis. Sed et itaque nihil dolorem.',0,'1978-06-19 09:05:45','1977-11-13 16:41:24'),(99,99,99,'Libero corrupti dolore vitae ad nisi. Exercitationem iusto animi quibusdam soluta sit qui libero. Sunt veniam quia rerum corrupti maiores.',0,'1992-05-07 17:20:19','2014-08-31 23:03:19'),(100,100,100,'Sed suscipit possimus non consequatur qui odio rerum ut. Alias fugit dolor quaerat adipisci.',1,'1978-09-06 18:51:05','2013-11-25 01:47:55'),(101,101,101,'Libero iure id voluptatum maxime. Aut autem quae quia exercitationem reiciendis dolorem necessitatibus. Libero veniam ut dolorem beatae labore dolorum.',1,'2019-08-19 14:25:15','1980-08-23 15:22:35'),(102,102,102,'Quibusdam tempora sunt natus. Animi dolorem in autem blanditiis nisi. Voluptas harum rem veniam tempore consectetur alias. Porro cum saepe delectus aperiam.',1,'2008-09-29 14:42:19','2013-10-11 06:33:24'),(103,103,103,'Ipsum qui corrupti qui id. Explicabo quam omnis repellendus dolor aliquam blanditiis.',1,'1991-11-22 09:36:14','1988-04-17 10:54:23'),(104,104,104,'Velit ducimus fugit tempore sint non. Distinctio dignissimos at rerum animi pariatur. Est totam sed laudantium culpa minus et.',1,'1978-03-07 22:58:09','1992-02-14 19:51:10'),(105,105,105,'Ipsam et sed officia quis a hic beatae. Est repudiandae nam voluptatem asperiores. Odio sint ullam eligendi porro ducimus. Nemo optio consequatur animi repellat itaque alias.',0,'1980-10-15 21:25:03','1985-08-22 03:20:33'),(106,106,106,'Ipsa omnis hic facilis. Culpa autem perspiciatis tempora. Itaque porro quaerat quo et voluptates recusandae accusamus. Aut sequi molestiae laudantium et veniam eos quia.',0,'2018-09-27 18:37:48','2004-04-26 13:34:02'),(107,107,107,'Esse nihil velit tempora possimus repellat eius. Tempora inventore ea ut qui excepturi deserunt est voluptas. Distinctio at quibusdam non.',1,'1997-11-30 15:52:40','1996-06-04 09:49:16'),(108,108,108,'Voluptatibus quidem officia natus accusantium. Et quod nam quod qui magni. Facilis omnis asperiores et quo quo ullam. Nesciunt aut earum dicta ducimus voluptatem aut et.',1,'2014-07-02 20:53:24','1988-08-29 15:39:39'),(109,109,109,'Deserunt beatae accusamus autem voluptatem repellat earum. Quia non nihil quo illo explicabo dolore sunt magnam. Ut voluptatem iste sed repellendus. Ut accusamus eos eveniet aliquam voluptas ut et.',0,'1974-05-22 23:20:24','1984-04-13 03:48:50'),(110,110,110,'Labore dolorum ad eos delectus adipisci. Aliquid vero consequuntur maxime dolor minima magnam. Sit illo consectetur earum autem ut quam. Id tempore fuga quasi.',1,'1977-03-19 03:34:39','1998-10-24 06:18:27'),(111,111,111,'Consequuntur minima quis officia blanditiis qui sunt maiores. Voluptates doloribus velit totam nemo. Explicabo repellendus praesentium error et consequuntur quidem rerum qui.',0,'1996-11-20 21:54:36','1981-12-04 19:17:02'),(112,112,112,'Accusantium accusamus est sapiente culpa architecto est voluptas. Et voluptatibus in perspiciatis ea aut dolor ut. Aut iste ratione provident est. Dolor doloremque ut vel aut libero.',1,'1987-12-02 19:22:35','1989-12-20 15:30:31'),(113,113,113,'Aut porro non sunt aperiam iste recusandae similique aut. Et ut necessitatibus tempore quia et eligendi. Quisquam enim a odit est.',1,'2008-06-12 07:40:47','1983-07-19 01:17:14'),(114,114,114,'Facilis sequi at ab. Aperiam omnis animi voluptas ad mollitia. Occaecati corrupti eveniet perspiciatis blanditiis. Et molestias quas laudantium sapiente consequatur.',0,'1975-03-04 19:17:14','2005-03-09 17:12:32'),(115,115,115,'At voluptatem sequi iste molestiae aut numquam. Dolores ut qui aperiam quia. Sapiente rem voluptas explicabo quasi illo accusantium. Sint animi non dolor.',1,'2002-11-01 14:12:03','2010-06-16 18:27:36'),(116,116,116,'Nostrum unde earum et. Et et quam non possimus. Aliquid sunt aliquid harum. Corrupti dolores aut nihil error ipsum. Et quas nihil a dolores necessitatibus.',1,'2005-10-18 15:28:01','1997-12-22 15:17:34'),(117,117,117,'Cupiditate voluptatum voluptates autem minus. Molestiae aspernatur tenetur eum. Repellendus rerum fugit quia ad.',0,'2018-11-01 23:13:54','1979-01-15 23:36:58'),(118,118,118,'Voluptatibus enim natus hic autem reiciendis nam perspiciatis voluptas. Molestias laborum facilis assumenda doloremque.',0,'1970-05-02 14:43:01','1997-06-09 07:44:25'),(119,119,119,'Temporibus repellat aperiam hic aut delectus. Sint non et itaque aut officia aut iusto. Ut dolorem fuga et nam. Reprehenderit culpa voluptatem amet nisi facere esse ullam.',1,'1990-11-27 08:21:41','1970-10-16 19:40:28'),(120,120,120,'Tenetur repudiandae ipsam dignissimos impedit occaecati quia quo. Et sunt fuga dolorem voluptates. Voluptatem aut quas consequatur repellat. Et fugit in adipisci voluptatum quisquam est consequatur.',1,'1985-04-22 03:10:05','2013-07-16 08:14:45'),(121,121,121,'Doloremque vitae debitis id cumque. Est ut eveniet quas tempora at optio repudiandae. Necessitatibus suscipit consequatur est inventore tempora.',1,'2014-05-20 08:26:07','1994-11-18 05:03:39'),(122,122,122,'Similique voluptatem ut quidem voluptatem. Sed libero eligendi consectetur dicta necessitatibus. Ut quia quas qui et. Cumque accusamus et assumenda sed.',1,'1986-11-06 11:51:17','2011-10-24 13:44:47'),(123,123,123,'Explicabo ut doloremque totam quasi et repudiandae. Delectus sunt dolores voluptatum sunt iusto suscipit. Autem itaque sit qui aut.',1,'1991-04-26 05:35:28','1987-02-05 14:30:32'),(124,124,124,'Eum voluptatum distinctio architecto molestiae. Earum et quo impedit magnam minima fugiat. Cupiditate voluptas asperiores sunt velit a rerum. Quibusdam atque possimus mollitia dolore.',0,'1978-11-30 17:43:33','1980-11-18 20:48:41'),(125,125,125,'Facilis est sed qui fugit iusto ipsa reprehenderit. Fugiat molestiae voluptas consequatur consectetur est voluptatem omnis. Hic qui occaecati blanditiis est.',0,'1988-12-23 13:02:49','1987-08-19 06:42:15'),(126,126,126,'Perspiciatis consequuntur voluptatem eos. Accusantium consequuntur qui et eum. Dolore et sed temporibus. Nemo doloremque libero in ut.',1,'1987-09-23 18:47:01','1993-09-14 12:53:55'),(127,127,127,'Aut quasi itaque est facere quia magni sequi porro. Aut eligendi repudiandae eius placeat aut amet. Nihil maxime voluptas quaerat ut.',1,'2011-10-10 16:34:15','1973-08-02 08:05:49'),(128,128,128,'In vero suscipit dolorum et sapiente laboriosam. Ullam est et omnis repellat magni. Labore odit accusamus pariatur vel ut.',1,'1997-06-27 04:27:37','2016-05-22 18:42:14'),(129,129,129,'Distinctio neque cupiditate nam quia alias quis. Sit voluptatem porro maxime sed et. Alias voluptatem ipsam autem voluptas vero est. Ipsum ex placeat nostrum incidunt cum at.',1,'1975-08-27 15:47:52','2006-08-21 17:11:50'),(130,130,130,'Earum magnam velit temporibus et. Possimus aliquid eius nam facere consequatur. Qui est omnis dolorum dignissimos quis. Eius doloremque error officia dolores ut placeat quod.',1,'1991-09-23 01:58:10','2017-09-20 16:53:43'),(131,131,131,'Et illum nam id libero ut consequuntur expedita. Quibusdam rerum eum est qui velit et. Sit et et molestiae perspiciatis qui. Et animi nihil similique.',1,'2000-07-18 03:11:38','2018-01-27 15:28:17'),(132,132,132,'Architecto a id perferendis omnis velit qui. Autem occaecati rerum consequatur non. Autem voluptates et qui.',0,'1972-03-05 11:21:08','1995-12-07 12:22:43'),(133,133,133,'Nobis architecto voluptas hic. Voluptatibus molestiae voluptate et alias a dolore. Molestiae aperiam eos beatae. Vitae ipsa qui quisquam eligendi quis aut a.',1,'2006-12-30 18:46:01','2013-06-29 08:03:45'),(134,134,134,'Perferendis fuga dolorem sequi sed. Animi accusamus sunt maiores esse error aut dolore. Dicta doloremque quibusdam cupiditate quisquam. Sint quia rerum error.',1,'2016-05-22 05:44:31','2002-07-26 17:17:17'),(135,135,135,'Cum voluptas consectetur a nam enim laboriosam. Consequatur inventore ut unde.',1,'1973-05-30 08:53:23','2005-06-22 20:01:30'),(136,136,136,'Nihil harum magni id quos tempora vel distinctio aut. Dolores aliquam tenetur id mollitia. Et aut eum quisquam aut reiciendis corrupti.',0,'1992-08-30 12:54:16','1991-02-13 18:57:44'),(137,137,137,'Aspernatur et nemo asperiores aperiam. Excepturi fuga est provident ut doloremque culpa quos. Porro animi excepturi eveniet vel quo accusantium.',0,'2007-10-08 01:45:35','1976-01-19 13:44:36'),(138,138,138,'Ut nihil ut omnis dolore nihil. Autem et commodi qui non. Voluptatem sint qui ad soluta.',0,'1970-10-17 20:31:57','1998-06-21 10:44:59'),(139,139,139,'Et aliquam et nihil vel temporibus sed. Illum expedita dolorum magni vitae modi inventore id. Dolor molestiae excepturi ipsa.',1,'2011-10-05 05:26:54','1983-04-19 19:17:06'),(140,140,140,'Officia sunt maxime laboriosam tempore. Amet enim quod perspiciatis. Dolor dolores aut in enim. Fuga nemo dolorum deleniti optio sed error.',1,'1981-07-23 19:41:20','2002-02-27 05:08:11'),(141,141,141,'Omnis facilis alias aliquam esse ut ut dolores. Nulla quis quam aut placeat quae.',1,'1974-12-09 14:33:37','2007-02-03 22:05:24'),(142,142,142,'Repellat vel facere architecto ad. Doloremque laborum rerum a soluta quis et ea. Vero dolorum molestias vero rem reiciendis dolorem error est.',1,'2015-02-23 02:22:52','2004-05-18 08:30:30'),(143,143,143,'Repellendus debitis nisi ratione fuga perspiciatis nam maxime. Sit voluptas nulla excepturi dolorum sunt. Voluptas ut consectetur nemo in minima qui.',0,'2006-08-28 22:58:37','1977-03-31 06:11:54'),(144,144,144,'Ullam voluptatum veritatis est nisi nulla veritatis blanditiis nihil. Soluta molestiae laudantium quam sed unde. Aut cum deleniti eum qui qui.',1,'1996-11-20 07:04:14','1991-05-19 20:13:01'),(145,145,145,'Fuga molestiae perferendis placeat tempora velit provident. Necessitatibus exercitationem aspernatur minus quae. Velit ratione soluta saepe voluptas.',1,'2016-10-09 13:45:38','1977-01-27 01:55:12'),(146,146,146,'Alias et optio ea voluptatibus minus qui. Dolorum ratione repudiandae ullam officiis possimus dolorem.',1,'2002-04-15 10:28:45','1975-02-14 10:19:48'),(147,147,147,'Inventore voluptatem voluptatem temporibus aut sequi et. Voluptatem sint ab quas perferendis minima. Voluptatem velit ducimus est quod placeat iure.',1,'1971-02-09 02:57:40','1990-04-10 15:27:43'),(148,148,148,'Et est consectetur nostrum rem. Qui omnis ut reiciendis commodi. Ipsam molestiae quisquam aut quod.',1,'1996-04-03 01:52:36','2012-10-08 23:45:51'),(149,149,149,'Ducimus nobis consequatur sunt minima aut et nesciunt. Est non consequatur placeat omnis tempora. Voluptatem cum provident aut ea similique rem cum sed.',1,'2018-03-28 00:33:17','1987-04-06 23:28:43'),(150,150,150,'Nihil perspiciatis similique dolorem a. Non dolores sed ab labore quidem sint sint.',0,'2009-06-19 11:20:23','1979-02-17 10:55:32');
/*!40000 ALTER TABLE `messages` ENABLE KEYS */;
UNLOCK TABLES;

--
-- Table structure for table `profiles`
--

DROP TABLE IF EXISTS `profiles`;
/*!40101 SET @saved_cs_client     = @@character_set_client */;
/*!40101 SET character_set_client = utf8 */;
CREATE TABLE `profiles` (
  `user_id` bigint(20) unsigned NOT NULL,
  `gender` enum('f','m','x') COLLATE utf8mb4_unicode_ci NOT NULL,
  `birthday` date NOT NULL,
  `photo_id` bigint(20) unsigned DEFAULT NULL,
  `user_status` varchar(30) COLLATE utf8mb4_unicode_ci DEFAULT NULL,
  `city` varchar(130) COLLATE utf8mb4_unicode_ci DEFAULT NULL,
  `country` varchar(130) COLLATE utf8mb4_unicode_ci DEFAULT NULL,
  UNIQUE KEY `fk_profiles_users_to_idx` (`user_id`),
  UNIQUE KEY `photo_id` (`photo_id`),
  CONSTRAINT `fk_profiles_users` FOREIGN KEY (`user_id`) REFERENCES `users` (`id`)
) ENGINE=InnoDB DEFAULT CHARSET=utf8mb4 COLLATE=utf8mb4_unicode_ci;
/*!40101 SET character_set_client = @saved_cs_client */;

--
-- Dumping data for table `profiles`
--

LOCK TABLES `profiles` WRITE;
/*!40000 ALTER TABLE `profiles` DISABLE KEYS */;
INSERT INTO `profiles` VALUES (1,'x','1996-10-28',18446744073709551615,'Enim vero dolorem vitae beatae','Haagland','866268'),(2,'x','1977-11-25',0,'Similique hic cumque repudiand','Desireeville','22039'),(4,'x','1981-04-27',2,'Quam porro consectetur sed. Co','Arnoldohaven','2391'),(5,'x','2009-03-28',1,'Voluptatem earum ipsa voluptas','New Jettieshire',''),(6,'m','2004-05-03',45,'Quod minus dicta maxime ration','North Edyth','17727'),(7,'m','1984-10-21',9000000,'Et est illum rerum laboriosam ','New Bettie','58055140'),(11,'x','2009-04-25',29405,'Non perspiciatis adipisci et r','Bergnaummouth','888'),(12,'m','1994-04-13',4,'Ipsam quos a qui illum explica','West Colby','5830'),(13,'x','1979-10-12',7133,'Sapiente perferendis deserunt ','North Anya','1'),(14,'x','1997-02-13',90,'Hic unde facilis iusto natus. ','Aliviastad','371'),(19,'x','2013-05-02',8,'Sed architecto modi voluptatem','New Helena','3'),(27,'x','1970-07-13',37,'Quaerat excepturi omnis earum ','Leonardhaven','1832786'),(34,'f','1986-09-16',785130070,'Nesciunt ut repellat inventore','North Callie','4'),(35,'x','1998-01-25',331,'Harum totam fugiat laudantium.','East Freda','312610'),(38,'f','2013-06-18',921,'Maiores ullam error est archit','Fadelmouth','25'),(39,'x','1991-12-01',512,'Sit ex ut voluptate accusantiu','Grimesmouth','59'),(40,'x','1996-12-27',15,'Expedita ducimus molestiae ten','East Cora','90'),(41,'f','1972-12-26',7202,'Alias soluta culpa et aliquid ','Lake Demarcus','5908'),(45,'f','2018-07-29',20,'Aut reprehenderit in earum dis','East Chanel','373'),(46,'x','1999-03-26',7279,'Consequatur cumque assumenda t','West Laurineborough','2537'),(47,'m','1998-09-22',6,'Debitis eius eum fugiat qui et','East Cortneytown','6406014'),(49,'m','1978-02-15',9051,'Consequatur consequatur harum ','East Berrystad','2194627'),(50,'m','1976-03-18',36,'Exercitationem ex impedit perf','Hackettview','996800698'),(56,'m','1991-02-04',7345331568,'Facere odit earum harum eos vo','North Lane','281312'),(57,'f','2020-12-09',7,'Quaerat sint dolorem dolor acc','Greenshire',''),(59,'f','2015-09-10',659660,'Sed ipsum consequatur eveniet ','Turnerburgh','37'),(60,'f','1986-07-28',3,'Velit laborum qui fuga sed iur','Port Emoryview','3438'),(61,'m','2008-11-10',5,'Consequatur impedit soluta bea','North Daniellaburgh','4'),(62,'f','1993-04-16',60000,'Amet et consequatur voluptatem','Port Kamrynbury','5'),(63,'f','1978-01-07',60614818,'Exercitationem blanditiis dolo','West Karl','768'),(64,'x','1993-02-05',23,'Aut illo necessitatibus ad et.','Lake Ednamouth','137667342'),(69,'m','2000-11-03',22,'Ut voluptatibus aut iste et ni','East Frankieburgh','38572'),(70,'f','1979-07-03',29,'Aperiam odit impedit et et exp','Lake Coltenview','268'),(71,'m','1989-10-03',9,'Adipisci dolor dolores cupidit','North Alan','9729'),(73,'m','1975-09-05',98,'Est repellat maxime est volupt','New Sammieside','7048'),(74,'x','2017-10-15',369,'Quidem iusto sit a sed sequi d','North Abdullahmouth','8963712'),(75,'x','2020-12-09',74284,'Voluptatum accusamus voluptatu','Emmerichstad','76699168'),(76,'m','1987-05-23',5864,'Nulla quae ipsam dolor officia','Odiechester','63902'),(82,'m','1987-01-22',60205732,'In explicabo alias cupiditate ','Huelhaven','7776'),(83,'m','1994-09-10',621261,'Officiis sed iusto rem. Dolore','Stantonbury','818'),(84,'m','2019-11-27',35,'Temporibus soluta est eaque to','North Gretchenfurt','41'),(86,'m','1976-06-23',2038700000,'Voluptatem nostrum atque place','Klockoton','12'),(88,'f','1995-03-17',68951,'Quasi esse eum et iusto. Natus','Littelmouth','77925'),(90,'x','2004-05-21',62000000,'Necessitatibus totam accusanti','Harrismouth','40173978'),(94,'f','2019-09-04',93009,'Sed delectus ullam aut quisqua','East Imanichester','15'),(95,'m','1977-10-01',13,'Et recusandae amet quibusdam q','Ferryside','978812199'),(96,'x','2020-03-06',8579,'Aperiam exercitationem possimu','New Sherwoodfort','48'),(98,'f','2010-03-09',86370,'Facilis aut quae recusandae qu','Port Tyrelshire',''),(101,'f','1973-11-06',5034,'Pariatur non asperiores et. Ne','North Eunice','478325'),(102,'x','2020-08-05',10,'Assumenda qui eum vero quam au','Lake Marquesborough',''),(103,'x','1981-05-30',80,'Ipsa quod ut officia enim nost','Port Laury','9001631'),(104,'x','1970-03-23',16,'Autem officia consectetur pers','North Danyka','9359'),(107,'m','2011-07-04',30,'Dignissimos nemo nihil at quia','Port Larueton',''),(108,'f','1997-09-18',4467,'Culpa in vitae velit omnis et ','New Kathlynchester','640500'),(113,'x','1981-05-13',24626,'Voluptatem id non neque quo re','South Sharonborough','971957800'),(116,'f','2017-08-23',88213,'Libero et nihil illum voluptat','Madilynberg','9'),(117,'f','1998-12-21',7000000,'Ratione necessitatibus magnam ','Chelsiemouth','6'),(125,'x','2002-11-29',362,'Et vel eaque dolorum expedita ','Carmeloburgh','505'),(127,'m','1973-04-07',40,'Est suscipit rerum pariatur do','South Billie','814525'),(130,'x','1999-11-29',449,'Voluptatem qui quos amet autem','Carletonmouth','430'),(132,'m','1992-03-13',846,'Ipsa amet magni doloribus et e','Devinview','74841604'),(133,'x','2009-06-15',82,'Quaerat dolorum aut qui commod','Greenfurt','3'),(135,'x','1989-03-25',42,'Quia repellendus autem ducimus','North Meganeside',''),(139,'x','2003-07-13',79,'Doloribus cupiditate consequat','East Morris','7873455'),(140,'x','2002-12-11',182,'Temporibus illo et velit sunt ','East Janeberg','89'),(141,'f','1971-12-24',11,'Animi eos voluptatem qui. Mini','Reichertview','701'),(142,'f','2014-05-16',496818,'Repellat cum quisquam ex quis ','New Vitaton','537'),(143,'x','2000-11-06',295,'Sequi quia blanditiis qui dolo','Lake Dereckshire',''),(144,'f','1979-02-24',3457,'Eum et mollitia voluptatem ist','North Juston','7790'),(145,'x','2010-07-05',89,'Ipsam fugit vel deleniti quibu','Collierfurt','5510200'),(148,'x','2016-08-23',149,'Veniam et fuga mollitia verita','North Meganestad',''),(150,'x','2004-03-22',54,'Voluptatum voluptas id in et. ','North Alicia','48'),(152,'x','2017-03-23',109,'Mollitia eveniet sed minima ve','Brownport','707194'),(162,'f','1999-02-27',94,'Sequi quod voluptas magnam qui','Lake Burdette','89'),(164,'m','2021-02-21',597961,'Accusantium voluptates rem exe','West Lucieborough','143458'),(166,'f','2003-04-16',55,'Commodi inventore molestiae co','Dachchester','56170'),(174,'f','2018-01-18',19,'Veritatis fuga autem repellend','New Margaretebury','3'),(179,'m','2013-04-17',96,'Harum voluptas eveniet nemo ad','Lake Kattie','4'),(182,'f','2016-10-31',2932,'Itaque quia veritatis deserunt','New Karianeshire','257'),(183,'m','1985-10-31',59,'Corporis perspiciatis culpa al','West Irving','990'),(185,'x','1979-06-13',52,'Debitis reprehenderit et asper','Curtfurt','36'),(187,'x','2002-04-21',1777,'Nemo dolor numquam voluptatem ','Smithshire','463'),(189,'x','2003-12-06',563,'Consequuntur quasi est consect','Julienberg','79234'),(195,'m','1979-02-12',5043,'Deserunt inventore placeat qua','Port Caitlynview','56066247'),(200,'f','2003-10-14',432439,'Dolorem perspiciatis rem sint ','Frederickborough','663');
/*!40000 ALTER TABLE `profiles` ENABLE KEYS */;
UNLOCK TABLES;

--
-- Table structure for table `users`
--

DROP TABLE IF EXISTS `users`;
/*!40101 SET @saved_cs_client     = @@character_set_client */;
/*!40101 SET character_set_client = utf8 */;
CREATE TABLE `users` (
  `id` bigint(20) unsigned NOT NULL AUTO_INCREMENT,
  `first_name` varchar(145) COLLATE utf8mb4_unicode_ci NOT NULL,
  `last_name` varchar(145) COLLATE utf8mb4_unicode_ci NOT NULL,
  `email` varchar(145) COLLATE utf8mb4_unicode_ci NOT NULL,
  `phone` varchar(11) COLLATE utf8mb4_unicode_ci DEFAULT NULL,
  `password_hash` char(65) COLLATE utf8mb4_unicode_ci DEFAULT NULL,
  `created_at` datetime NOT NULL DEFAULT current_timestamp(),
  PRIMARY KEY (`id`),
  UNIQUE KEY `email_unique` (`email`),
  UNIQUE KEY `phone_unique` (`phone`)
) ENGINE=InnoDB AUTO_INCREMENT=201 DEFAULT CHARSET=utf8mb4 COLLATE=utf8mb4_unicode_ci;
/*!40101 SET character_set_client = @saved_cs_client */;

--
-- Dumping data for table `users`
--

LOCK TABLES `users` WRITE;
/*!40000 ALTER TABLE `users` DISABLE KEYS */;
INSERT INTO `users` VALUES (1,'Kaylie','Orn','effertz.rebeca@example.org','(291)917-14','5a9ad7d78031f535b9e2dd1a30098f31000245db','1988-08-08 08:10:52'),(2,'Chandler','Klein','brook63@example.org','(475)418-90','9adcb75ae2ba2eafc1c04910730872e96e166571','2014-08-09 16:13:53'),(3,'Mauricio','Miller','derek99@example.org','755-418-928','16e84ba6088ef62d77f4df5e33897b808f9644bc','2004-11-02 18:37:37'),(4,'Jensen','Hintz','arogahn@example.org','837.595.561','796bc828e2c33f673b34f687aae3ecbe4c2d99b8','2012-07-22 02:02:29'),(5,'Delaney','Crona','estefania.renner@example.com','021.923.246','fd4d1e0b3956839b81ed8804af663a0d39ef4951','1992-08-26 15:38:48'),(6,'Gideon','Turner','raleigh55@example.org','856.469.528','b6543d62c3547d6b810c67d6c16ae80a2516746a','2010-08-30 12:51:31'),(7,'Haskell','Kling','josiane.langosh@example.org','1-719-974-4','8ec7519acfe7fa2fda34cd459a29af8f14ecabc2','1984-04-11 00:52:34'),(8,'Connor','Feest','aiden51@example.com','+88(0)82497','e56aaf23740d1affa772a6d8962f58053867f96e','2019-05-05 10:29:06'),(9,'Ressie','Sporer','koepp.ted@example.net','920-138-734','3301b4d77dc3b692973be5566a9f4e43bcb713aa','2009-07-09 07:02:44'),(10,'Lizeth','Glover','catharine01@example.net','1-910-986-5','b593cf0695d2ce0ee78189d87dbc9bfe308eb6e8','1993-01-10 22:58:47'),(11,'Drew','Beier','senger.mathew@example.net','402.672.458','658c709bdcd9ddf0b006ca95009befb5048399c4','2000-05-25 04:36:07'),(12,'Alexys','Veum','alessandro.koepp@example.org','1-904-736-0','255daf173accc569f9c3b1a054d88235bd151c86','1995-05-11 23:08:14'),(13,'Lavina','Kerluke','abbott.rhoda@example.com','1-240-439-9','f0f63e6fb7d02253db60fc0ae12fd88eb4535182','2001-06-17 22:25:13'),(14,'Emelia','Trantow','thomas.heidenreich@example.com','(664)214-19','026e695c18c06d77e4d2d5cb0052051b5c808e1a','1991-10-10 12:07:19'),(15,'Krystel','Wolf','schulist.lavern@example.com','+12(0)48915','5fe71fedd2d0079e68e638dfa9b6f578122e0db6','2014-04-05 07:16:53'),(16,'Hershel','Swaniawski','cindy.beer@example.com','04838357371','af26447756cd6a4aadf22bce1659cb7dd750d04c','2011-08-15 11:54:56'),(17,'Emanuel','Botsford','gislason.leon@example.com','984.081.939','00574bc6896444afd0cbfdf453fa513de55a8cf7','2007-09-17 01:27:22'),(18,'Carlotta','Franecki','natalia58@example.net','1-476-093-9','6a0f8861e572cc0d4df14c8d0c4c39854b569874','1975-08-24 17:19:19'),(19,'Kirsten','Metz','ricky.torphy@example.org','295-319-201','67f9ec4fe4002a9e49066c5a9ea7f382bf194c3a','1980-12-30 09:59:44'),(20,'Opal','Moen','akeem80@example.net','1-558-525-6','ce1eaa51704fc5f9d3e21eb19dcae8ccc52a3607','1993-11-25 00:21:35'),(21,'Irwin','Borer','mauricio.vonrueden@example.net','(499)005-27','592296b6341b61a8c8b87b86fb867d83a47cf7f2','1979-08-29 18:46:07'),(22,'Katlyn','D\'Amore','frempel@example.org','983.730.856','3ea0fddb9b9725106f32fe640fef829aaee0ec96','1987-03-04 05:29:43'),(23,'Harrison','Conroy','jewel02@example.com','1-020-070-0','39f058a1de2b11eb5474f890b52e49da67c25764','1985-09-08 16:14:15'),(24,'Abdul','Russel','danielle53@example.com','(019)603-27','6ae8b5048abfa1f274093c7de24b86c66d5341c8','2011-08-19 06:58:22'),(25,'Jacynthe','Greenholt','justen.greenfelder@example.org','665.968.489','fe26840e60ba63afc6e82f38af606071c163c90e','2013-04-19 19:32:42'),(26,'Milan','Christiansen','ulises.witting@example.net','(642)779-36','2a9328172f08439d55b02895b52c35531016e9f2','1999-10-24 10:02:52'),(27,'Valentine','Miller','rafael56@example.com','1-110-327-8','f68a8ef2f7e9491ca16dd1a65b5a14b40826de9b','1987-01-25 19:41:54'),(28,'Halie','Gibson','lonnie88@example.net','268.378.220','da77216a232b76ad7b7e92d576bf6a9e62c20a6c','1996-07-06 19:03:25'),(29,'Kathlyn','Conroy','julien.lesch@example.org','987.977.096','8cc0c11b5cca9e79f779595b4a98102cf18ed1ed','2005-12-24 05:12:09'),(30,'Glenda','Breitenberg','sheila.hoeger@example.net','887.559.327','1ce6acc08b40e8c8601d620fff7df476d6ee0e56','1991-02-11 14:26:53'),(31,'Martine','O\'Hara','awilkinson@example.com','437-779-522','bf7df6fbf16cedefa4a89200c2fd125eebef12c8','2006-01-23 08:48:50'),(32,'Maryjane','Bechtelar','kessler.catherine@example.org','670-800-390','e9c865ac8ad6b9c9e3466086a2054d8ec58a401f','2007-08-05 12:49:04'),(33,'Francis','Thompson','beier.marco@example.com','477.575.450','0172a362f138868dabf95812d8bb7a693b8149f1','1999-01-15 06:31:03'),(34,'Murl','Emard','berneice68@example.com','(667)967-04','b79fe249a1ae8a555799771c4d2c556b43984194','2009-06-22 23:19:29'),(35,'Shanie','Kling','cole.breana@example.net','195.517.416','352ce70158a2822231635f548fe614570c832e7d','1970-08-18 23:21:19'),(36,'Kenna','Hilll','amari.miller@example.org','02706778799','1f2bfba542e1d5c4023934435740476b92e31bfb','1998-01-29 12:31:56'),(37,'Enrico','Trantow','isai15@example.org','09130030594','033f69e8e03dc6d77292272c2391eeef7648737c','2004-06-27 23:37:55'),(38,'Milton','Wisoky','stroman.drew@example.com','1-270-413-4','73a93fe0adadf68529ac584a3b300e6847d4f5b9','1971-11-29 23:40:01'),(39,'Cory','Mohr','eduardo.schmeler@example.net','576-397-423','b7bf6be9ac7e646646693c8b7314a72220ed9011','1975-05-15 01:12:04'),(40,'Kaci','Runolfsson','mraz.daniela@example.com','(240)109-54','2d3b113e7fe2325c50336c0c15f1559f184ad772','1972-03-08 09:14:50'),(41,'Pamela','Reinger','ernser.claudine@example.org','(205)883-20','38f4aa820290eab2972ca8cba2c71e1e7f38ecb6','1990-09-24 18:55:00'),(42,'Ila','Okuneva','mylene41@example.net','+78(4)47770','672d718e93638552ddba36d04ddc68652e37f159','1986-11-20 08:07:43'),(43,'Elda','Buckridge','genevieve.veum@example.net','(011)290-27','7b70df451ec6733aa1341f9e002f6ec76ec04301','1980-05-02 05:14:34'),(44,'Lonie','Corkery','edythe04@example.net','324-196-841','ec139fd4b88ce98df3ae2c0c46b27c4c74b536fb','1982-05-29 21:39:51'),(45,'Bonita','Fay','pfannerstill.ephraim@example.org','(052)250-75','f1e59bcc2f5c78fb3363a0192e419a1ed7027933','2007-10-09 08:32:27'),(46,'Lonny','Rutherford','franecki.tony@example.org','09299662913','da8a63721b6e41d73bc87e3e12cff99b49b085ee','1981-08-09 02:19:27'),(47,'Devan','Bergnaum','denis.russel@example.com','+97(8)81840','4e0688619f33bece5a33ee06930dacb9c0102f3c','1970-06-10 12:44:37'),(48,'Shyanne','Padberg','hellen02@example.net','(590)949-18','f16b6211b0d129600213c81e6c8a433aaca343fa','1996-12-31 07:39:11'),(49,'Aidan','Hayes','crist.penelope@example.net','159-670-932','6e1784545a9d7037031587d02ad7c74a6aa339b7','2007-06-08 22:09:25'),(50,'William','Grimes','volkman.eve@example.com','709.915.351','40a978a25ac3173dd99e5ac140ddcf05a8ce59d5','2021-01-17 22:58:26'),(51,'Dayne','Kuhlman','sboehm@example.com','1-648-013-2','8a51e8d0ea206610e5c624410e4b8e91b0534416','2003-11-15 03:49:45'),(52,'Christop','Armstrong','hintz.alexys@example.net','1-763-255-6','3643d327fbab038e8b0315664de9618a8943319e','1972-03-31 11:32:47'),(53,'Charlotte','Lockman','martine59@example.org','931-278-964','69e615f4e041cf9dc5e9c3bce04e8111fddbb6f5','1971-01-08 04:24:44'),(54,'April','Murphy','tillman.aleen@example.com','990.633.198','a19ab19ba28b0674745a8e13d4bf65d9cbf780a5','2003-07-11 14:16:14'),(55,'Marietta','Hand','vivianne04@example.com','04280441603','4506c0870c07cdd3b5b7a37a98ef8eab1b698573','2006-07-20 00:49:54'),(56,'Minerva','Stroman','ebosco@example.net','(552)473-58','9110e713c21a5c6c599bbe9a51ffaac620ea32e4','2013-01-31 15:00:19'),(57,'Aida','Balistreri','jaleel96@example.org','(137)784-20','043b7a5697098cae2c6c8046d83c995eb3f469e0','1971-05-07 23:56:17'),(58,'Mervin','Maggio','angie.rath@example.net','(180)982-82','53cb8d90ef920a80c7927ab4938c0077b437530e','1984-04-18 11:00:06'),(59,'Judy','Waelchi','ktorp@example.com','1-259-949-0','c2e48055c8b8c0175d2c31b999a008860e853bc8','1994-01-01 04:13:35'),(60,'Jordi','Veum','weimann.amber@example.net','1-286-372-9','6506bcbcd964d45c7260aa3ebca686cf33c769be','2013-12-17 10:44:40'),(61,'Roderick','Hudson','okemmer@example.org','062.168.087','ec1a176160d4a6ee08872db0025e46b502061c6a','2001-06-01 19:44:00'),(62,'Sheldon','Ondricka','vonrueden.kamron@example.com','1-486-285-8','962dc3098fc602f4eddcd185fb9da9bd6c1e7a2f','1980-05-10 04:12:13'),(63,'Bruce','Bode','savanah66@example.com','499.457.874','ba887e67fa7b5b8635cd62d605abbc88aba45b17','2016-09-11 01:47:01'),(64,'Fausto','Schuster','cfay@example.com','+17(3)81064','ca5326e7b881b9045446bc976abaa6d032ec78ec','1979-07-12 16:42:48'),(65,'Carlie','Boyle','rosanna.moore@example.com','(347)071-54','11104c6196a0d82471db0e425464af7c9d464c62','2013-09-16 23:10:42'),(66,'Isaias','Harvey','eugenia06@example.org','+24(6)24719','636aa409fb512fa7ce6bdec99a29ea645c6b92df','1998-06-16 14:39:47'),(67,'Aileen','Kunze','vconsidine@example.org','121.415.774','dd71ad71fb93e33c1f0d9e6da3c9261a4ad9196a','1982-03-12 02:10:44'),(68,'Ottilie','Pfannerstill','shirley.parker@example.net','026-089-584','4d17119668bc7236d8a5740f5cf06fbe49b36f76','1987-10-15 17:33:25'),(69,'Lonny','Jacobs','dietrich.mallory@example.org','879.008.952','a49978deb397f0085bdd7fe29e3f6d9c2e25c689','2000-01-16 20:12:24'),(70,'Lewis','Little','rblick@example.com','811.310.084','bc573f04906f6732311dfc4cd8ab2cc863ad5fca','2006-02-14 16:28:04'),(71,'Alek','Bahringer','quentin.gottlieb@example.org','1-172-236-0','af3bd12c464a4bf7cfb94dbf68cd5e90d2070b4b','2016-08-27 00:35:37'),(72,'Abbigail','Hyatt','zaria.lesch@example.com','(365)670-74','dea74698903ba231b5dbc608bf33d95363bff8d8','2007-09-28 19:10:52'),(73,'Kyra','Keebler','bins.aaliyah@example.net','159-550-687','07cd2d783910d257c64f497ebac0a0a0686640b5','1985-05-27 17:27:48'),(74,'Brooks','Watsica','wconsidine@example.com','1-812-659-5','973c6532a20fd517195edcbec3c8524ae260044c','1982-09-22 04:49:33'),(75,'Gladyce','Sipes','mary.rau@example.net','777-981-392','7e37384184391d67d90d11ad04678e53ba0fdd2a','2004-10-07 03:39:52'),(76,'Carroll','Tremblay','leannon.arlie@example.net','+20(0)45502','c11440e29219c3d6b3e63fce1bf3b3698b539ca1','1986-11-12 07:08:38'),(77,'Don','Wyman','mclaughlin.adella@example.net','1-468-829-4','aab08618a4ba913b71c94dd33341ca56582203f4','1998-10-05 11:04:02'),(78,'Mathias','Graham','desiree.runte@example.net','(616)488-79','bb8e46ffc9adaa72e10b7526c5bc3fdf3a63581a','2004-06-08 11:17:44'),(79,'Helen','Fadel','casper.marisol@example.com','1-226-469-8','244022b6d4cc7b22db42ac2888c53f2e7157c33a','2017-01-11 04:21:28'),(80,'Bryana','Dach','marcelina.weber@example.net','+34(0)66614','36596f38dafecb0e14e161bdf44d615802af3adf','1986-10-23 05:32:50'),(81,'Brook','D\'Amore','beverly22@example.com','1-729-355-5','eaf8195277c0497b10f986432a32b7d540f6d73f','2019-08-11 03:51:39'),(82,'Christop','Goyette','abayer@example.com','272.632.095','9663215359c0ec70c4885d6cf09b09136a91f587','1978-11-01 23:50:56'),(83,'Mara','Gulgowski','kiehn.bartholome@example.net','991.930.023','688b1db6ef6b138969041e9bfe9f3cbb8b2f482d','1994-01-09 14:07:48'),(84,'Deanna','Altenwerth','hcruickshank@example.org','(966)832-06','b3b95fde8cca3f83f64b33cf839304f4721c630f','2020-11-28 16:37:48'),(85,'Janae','Carroll','hertha88@example.com','03682468901','35f21c247f4fcb3e2c47fdb357476ff042bfc3c4','1983-09-09 05:01:30'),(86,'Estella','Keeling','kwindler@example.org','205.263.424','146cf44cf4cf9587d2b73ffec717ba0a281b4022','2013-07-19 20:50:58'),(87,'Aletha','Brown','amacejkovic@example.org','1-389-857-3','f6931658ed77909552918063f53b19ce799819bf','1986-12-06 07:18:52'),(88,'Ford','McKenzie','emilia86@example.net','(371)257-34','6ba3e6b79c74ccc540826e56ae8f9a994c5f0b69','2006-01-28 20:29:06'),(89,'Josianne','Durgan','mackenzie.smith@example.net','+36(3)97385','d071ff93c8863807283a8ca90454b2defebfd4c4','2003-04-07 06:52:59'),(90,'Susana','Gibson','rutherford.garfield@example.net','1-269-755-8','e53bc5b4c9fead361fa7304d30c19cf850355686','2008-09-03 01:07:36'),(91,'Ellen','Hegmann','kylee.weissnat@example.org','284-154-578','ce9877bcf89d14328f9a5458f6147616658a6402','2006-10-28 09:54:07'),(92,'Jaleel','Schamberger','etha66@example.org','1-658-954-5','a5bc2ec775df70ab67b0daca5e870c90be0fbb0b','2014-01-30 03:44:30'),(93,'Stevie','Stiedemann','doyle39@example.net','(597)252-59','c6fb3288ae9da7dadb76bdd04a6f190d672e4ce2','2003-12-10 21:19:30'),(94,'Wilber','Welch','tsauer@example.com','004-928-731','7afb2d1f89544d2d6d4cb9e851a9a77682b8179f','1980-07-25 11:32:46'),(95,'Eleazar','Ritchie','zboncak.casandra@example.net','(328)392-69','5a095c3b7fc6dc3a86461db343985b087335e912','2015-01-03 08:28:42'),(96,'Mylene','Sawayn','athena70@example.net','(070)072-10','5572d1815eb63455b1f5c5bff12e95e39a35044e','1985-05-10 23:32:18'),(97,'Merritt','Durgan','uzboncak@example.org','(042)603-18','8964120b76b3c4f705567a262074ccc114635b6c','1990-09-14 23:02:56'),(98,'Daphne','Treutel','hschumm@example.org','862.215.904','37cd8ce22f28f01f5cfdcfdf3b3e9b9bfb8b891a','1982-05-11 08:41:16'),(99,'Kamille','Cole','weber.aniya@example.com','756.509.418','fcb8a7d0eb2eec98e58bb23fb3b13066d24910bb','1988-01-12 16:19:38'),(100,'Dorian','Dibbert','gerda88@example.org','1-066-853-7','6686579e110e9ab1ea9f58cecc66d0808255a95f','1970-12-05 00:14:19'),(101,'Fernando','Adams','patsy.waelchi@example.org','(829)886-52','e6ad594be00b36706e9d32f7775a581187a3c4f3','1995-09-21 06:31:05'),(102,'Kelvin','Reynolds','katelynn44@example.net','+24(5)64550','db2ca34d1116e9288c526280563d605476a357dc','1981-04-09 00:20:00'),(103,'Tabitha','Ondricka','edwardo72@example.net','223-270-104','a4e67ae6053bee7aa9992cae16f678402d1cd792','2015-06-26 13:08:52'),(104,'Ayla','King','columbus.jerde@example.org','806-995-945','0a8983b76051e8632d005bc30eca1573abd54db7','1988-10-10 02:09:02'),(105,'Beverly','Dickinson','wilfrid.white@example.net','1-774-570-2','73381d69f50e86515358ee71eb8d7f284be6a275','1993-05-30 09:38:29'),(106,'Adela','Goldner','troy93@example.com','1-475-638-8','7b2511419a90009cb4d494cc0dd433024bdf14e7','1971-08-10 20:21:35'),(107,'Al','Kris','ruecker.joyce@example.com','1-051-987-2','2ad433712279582bab0918d1436caee46e855146','1973-04-29 03:43:07'),(108,'Nash','Orn','hstiedemann@example.org','(141)221-42','3b4f704f6147d92ac1361cf4ca1b037c7d6176f1','1988-07-21 13:35:15'),(109,'Quentin','Considine','otorp@example.com','00780875290','a29a52d299945ee7e02674e2966301c605b61c09','1973-05-12 18:26:33'),(110,'Frank','Hoeger','mitchel63@example.net','041.455.942','fe09914d2f237919619fccfea1fbdc5dac874278','1993-12-10 07:25:19'),(111,'Ramiro','Schiller','wvandervort@example.com','872-045-687','cb889461516ab84e1c3e24a81d229fde17571f71','2015-03-03 04:19:50'),(112,'Brandon','Klein','larue53@example.com','824.751.477','8c2e8c8f1817d0a5e368f4f6f06d43ec7dceff2f','2016-11-18 17:20:55'),(113,'Laney','Powlowski','earnest45@example.net','505.620.920','e8b172b7b4ada7a138ae271b8df12febeb4d40c6','2007-12-18 22:49:09'),(114,'Dustin','Waters','ehodkiewicz@example.net','436-811-752','4aa3a68ccaabb4ae29ef88c785676b7c345a1ef2','2003-02-15 13:24:35'),(115,'Edwin','Pacocha','vdubuque@example.com','925-261-787','6b0117888b72a2a1a329f7acdb12e0bec25cf6b1','1972-02-12 20:24:31'),(116,'Liliana','Zulauf','tpfannerstill@example.net','264-173-508','108b05bf82d922f8ce3efc56fc6b8dc4e0be0416','2015-03-05 21:42:53'),(117,'Nia','Moore','rath.kianna@example.com','071.376.383','a50cc5f14a149baabb930886527e2041c46edea4','2000-11-03 21:04:03'),(118,'Darien','Reynolds','tremblay.ezequiel@example.net','856.311.752','7a2600bba22366f9f9289c6a7c2f3e3f014b74c4','1971-10-11 22:30:00'),(119,'Alyce','Greenfelder','kutch.mary@example.org','(440)187-69','fe3f8fac6f5599ec97095b99822de9a05c516643','1997-12-07 15:59:59'),(120,'Caleb','King','floyd.swift@example.org','(303)334-34','5af2d5ddca3f382f82769577cd91ab5a8c757f95','2019-06-03 07:32:01'),(121,'Emil','Schumm','wiegand.michale@example.net','115-616-102','2ff99fe3199aeede958691f89c02c1a740900143','2016-07-09 20:12:55'),(122,'Phoebe','Rutherford','leanne.sawayn@example.net','1-937-889-9','ba430a39602d52d034fd7b00194c1ce99b212c35','2000-04-12 12:25:29'),(123,'Itzel','Murphy','carole29@example.org','07801272039','b0b13c192d90e2ec60a3e86aaa852fdb798a2dff','1996-09-23 10:58:26'),(124,'Sydney','Kuphal','erdman.moriah@example.org','+23(1)16458','1f44dce5552a0220a6486f4dc6b85a5779369975','1978-07-09 21:06:25'),(125,'Oran','Bailey','ullrich.shanie@example.org','05154426820','12a6643e0f1830c7faddbb6783e75c9a51e506e2','2010-06-19 19:28:41'),(126,'Arianna','Hoppe','brant25@example.com','390-310-096','4715f2cef8dc9a0a0e0913275fcaf2a097fc7cca','1982-04-30 07:21:53'),(127,'Jake','Schultz','justice.kovacek@example.com','05392360798','5e522edc5498308eece4307d69a24721f98126d7','2015-06-25 11:48:18'),(128,'Breanna','Gottlieb','fframi@example.com','1-274-729-6','b969bb3c88418d278a0e4cb9ce01147bf63a20f2','1981-01-06 03:24:55'),(129,'Carlotta','Collins','harley.thompson@example.net','(398)092-86','7e825ef65d590ead10e8529151ad54d5aa1f2ab6','1986-02-17 06:34:21'),(130,'Evelyn','Conn','iabbott@example.com','(372)493-33','556222f749a3c180f53e62839070b2c38809f935','1998-03-22 08:53:49'),(131,'Kristoffer','Harvey','homenick.davonte@example.com','474.628.343','54a15341bdbdd8d332b41fcc110621725334e630','2020-04-07 10:58:24'),(132,'Brendon','Bayer','jmorissette@example.com','257-717-896','983338ae164e55eac006956c7c6e2612ee0c5838','2005-12-17 20:17:42'),(133,'Gladyce','Schiller','sanford.dasia@example.org','(796)673-42','4641336e88cbdd91c7f1b1dfec2cc4a5ef66cd16','1991-11-12 03:50:27'),(134,'Bud','Pouros','mose.white@example.com','1-298-847-8','cbef99a98c2a4e71d48c92dfb0f54ddce03faad2','2019-07-16 02:06:20'),(135,'Jerrell','Wiegand','cormier.eloy@example.org','1-658-819-4','fe3eb8baa6e7243faad21b0b636fdbf212993686','1980-03-19 20:37:08'),(136,'Leonel','Quitzon','qweissnat@example.com','04434069369','ed076bc5351c139bbd7992a8f216420b6dfd9d8d','2009-08-08 15:32:58'),(137,'Ezra','Luettgen','hazel89@example.net','949.463.695','d1cc611562008ee9484607c1c20128aa6d6cf3ba','2008-03-18 22:32:11'),(138,'Scarlett','Moen','cryan@example.com','447.626.551','b7ddf6466b516fa319334bfe9ca0dc40141b87c1','2009-05-16 23:15:20'),(139,'Vince','Stark','adeline.o\'kon@example.net','240-404-616','4a653c6d562893c2b876abc8e69bbc981126e9b2','2009-09-18 06:30:37'),(140,'Natasha','Torp','arlene57@example.com','(560)786-40','29d1d16eac1399ba3d46e6173daafe1205e1f43a','1987-02-17 14:36:37'),(141,'Tyrese','Cruickshank','emard.syble@example.com','(915)894-38','f682d21f31fb0b3515cd496daf6f90ccbebe3745','2011-08-21 01:52:09'),(142,'Brandi','Torp','daniel.oda@example.com','400-354-753','da1915ed890c269b6665db077e11c981aa60b1ba','2009-02-09 19:00:36'),(143,'Tianna','Pollich','radams@example.org','(651)475-57','05865672d8915eeccedfbf8c2f8d069e03d33b86','1995-09-10 01:22:28'),(144,'Holly','Hills','weldon.kunde@example.com','(192)059-53','bfd167e76f7c37749c752ffdeef9928fb53b3a0e','1997-04-01 02:10:54'),(145,'Destinee','Altenwerth','rtowne@example.com','00434178923','dae8f7787c4b4aa958f9507e4f531a172d841b79','1975-01-12 11:48:21'),(146,'Sanford','Jerde','andy.mante@example.org','634.980.592','3f157b2432a50bf9ba2272c447da9db9815a69cc','1999-12-03 20:20:53'),(147,'Beaulah','Padberg','adrianna.cummerata@example.com','225-837-757','c8ee9c6f05e99fde39289a096e48420db7550de4','1972-05-02 21:28:29'),(148,'Gerry','Donnelly','hester.paucek@example.org','230-795-716','261b1012225dc2eb887a1cbc2e266171ce208697','2016-10-03 07:53:54'),(149,'Harry','Abshire','rodolfo37@example.org','1-168-710-8','d884db7dde5c09c119b79d11ce6da986ad41998c','2009-11-24 07:25:08'),(150,'Angus','Anderson','raul46@example.org','(375)219-47','fd006dbea3b4bb0b888a5be7803e7b06259e0d29','1971-04-24 06:18:18'),(151,'Gloria','Osinski','emard.deonte@example.com','(737)152-60','25540c05d9c6a243e5a1db87e402015ff624d4aa','2016-10-18 17:16:25'),(152,'Tyshawn','Raynor','lswift@example.org','1-090-423-0','6af03b3dc6030c39f974ffcce73377444ae3da29','1985-07-08 22:21:10'),(153,'Kailey','Schumm','imoen@example.org','01200140637','12b08c202f9fd61bd5fa82c1f1748c33cd67a84e','1988-04-25 14:15:14'),(154,'Eleanora','Ondricka','ethelyn.kessler@example.net','1-195-727-2','dce93bee21f8374f13dd410d9e90e3c3eca2390b','2021-01-03 20:05:26'),(155,'Adrien','Yundt','raymond13@example.net','234-581-051','6d3377dc4281f5356a23e9081b9595690b9f0dbc','1996-08-24 23:10:46'),(156,'June','Grimes','atorp@example.com','(703)172-69','0f6ff00eef7d6b39bb1be5ef5684a99cd8e2d0e5','1987-07-06 19:23:38'),(157,'Emma','Jones','wbradtke@example.org','512-175-291','2253952e63e6dbaa3a8fab8f5ec401f1f7f70b58','2019-08-21 04:58:41'),(158,'Ahmad','Price','cummings.mozelle@example.com','900.659.976','267bd4b75074271953ffc846d170349640c242c0','2009-10-20 11:02:12'),(159,'Sally','Ratke','kpredovic@example.net','(760)026-01','4231d3e78202917ba8b8df293154872a8bf85fa8','2012-01-29 12:47:01'),(160,'Amos','O\'Hara','levi42@example.org','(636)272-20','cab3132cb88560ec5f0d5a130a1daadef239908c','2002-12-06 19:34:46'),(161,'Daphne','Beatty','mitchell.vickie@example.org','05420076056','daf6a9f8fb40986edd5bbd44d0419cd10735c612','1999-03-16 13:18:24'),(162,'Emmitt','Huels','hayes.drew@example.net','383.422.206','422fb22baaa9b92f5daf8e223a6d39b5295946c4','1993-02-21 17:37:59'),(163,'Howard','Hickle','nettie09@example.com','+71(0)55716','95661832a62e123debe69c9c4de88a8d0ef69b72','2019-02-25 21:18:29'),(164,'Donnell','Collins','scremin@example.net','+32(9)37819','2b5caf1c32fdae577a798ee3866a09beb7fa4125','1973-10-21 22:45:25'),(165,'Makenna','Macejkovic','orie.schulist@example.net','+75(6)05811','bea81148a9ace548a88fac73e57282aa33a27226','2010-08-09 12:21:41'),(166,'Justice','Conn','hermann.trey@example.org','+13(6)82134','dc54ddecc7fccafd38d258dab1ba92510d7cd270','1989-04-12 17:17:25'),(167,'Virgie','Mills','mckayla77@example.net','05345397545','a38aa0ce1ea6e294faebb89dcf63b7d8234b6d48','1995-09-29 15:59:47'),(168,'Earnest','Bogisich','eleanora.grimes@example.net','946.215.395','5dde368ccb986062b7323b6d71b2f2f9f40a89de','1982-02-23 21:09:16'),(169,'Clementina','Medhurst','arjun.stehr@example.net','+91(9)14085','34e94749770c5e89f31905a1d2b4c9d2474f1332','2015-04-28 10:02:58'),(170,'Cullen','Predovic','faustino36@example.org','632-213-936','b7d6b86f79e8d9f567e531559e9e567cb904661a','2014-07-24 13:20:08'),(171,'Krystal','Koch','wiza.leopoldo@example.net','+19(2)35091','609e8cbab607197a7abfd18eedac39dcddee9966','2013-07-21 04:15:33'),(172,'Max','Upton','jacobi.lucy@example.com','1-273-822-3','a90541dd3331aab0383a2b0b234ffd6332ba52c5','1986-07-03 00:47:12'),(173,'Christa','Farrell','karli.barton@example.com','(491)263-69','b362a8def992ca1f6effeff542160a9ac9a9e918','2005-03-04 16:57:44'),(174,'Enrique','O\'Conner','don.watsica@example.org','(922)189-60','f82e04b7a5f40c53b9ed9f7e5bca8a4b2c53610d','1976-05-05 02:32:53'),(175,'Seamus','Corkery','leif56@example.com','(479)222-01','4c7796a45bb03159ecc4747e797dd2e95065a9b4','1971-04-15 17:09:54'),(176,'Reta','Upton','gmccullough@example.net','331.425.081','b12b6ef14ca607566411b73792389934508ab511','1988-02-17 00:56:19'),(177,'Helen','Rippin','bauch.mekhi@example.net','839-778-611','3a3725f2b9b1a0f8d1ead0818de5595b0de949fd','1988-05-02 04:59:03'),(178,'Sammie','Hagenes','qkris@example.org','871-936-003','e1cf61be708c2ead46cef549770a81f9d5a060da','1976-11-08 15:34:43'),(179,'Arturo','Legros','lola00@example.com','00023900458','c69206fd6efb649208f6bc5172a3c3911e79d16b','1992-07-29 08:11:47'),(180,'Kenton','Ernser','maryse28@example.org','140.154.849','081a7743c6763c8af4d8b8984cda8cd9905d5d0c','1973-08-11 06:33:24'),(181,'Mireille','Williamson','braun.micah@example.org','1-916-979-9','6554d689fe17515db581c68ae0d8ace6b603f144','1996-06-05 06:49:10'),(182,'Antonette','Ondricka','tdouglas@example.net','1-348-287-6','fc63cb9ff6dadf980d396e8fdb08c6d884fd5873','2009-12-19 05:03:23'),(183,'Virginie','Hoeger','zieme.andre@example.com','(575)599-58','eb5a514351b3c85d26279aba6afe8f24e605d887','2010-03-22 15:57:35'),(184,'Kamren','Rodriguez','dewitt.kohler@example.net','835-558-582','6832673b0b23e7eb64742b1f4596cc577bd53dda','1989-03-04 21:33:04'),(185,'Darien','Gusikowski','fnolan@example.com','+28(7)37978','2b1c406873d3dca1ab298531f7d71ccc19593c3f','2009-04-24 00:08:15'),(186,'Casey','Torphy','marguerite.bode@example.com','561-284-411','880e0a2acaec6b7ed1629c09fa284ffefc836af0','2004-04-28 21:48:29'),(187,'Emilie','Bruen','cassin.lukas@example.org','(153)912-66','c5f9dc8c5548e9b131c723707d071c80f8a0506f','2002-07-08 09:54:49'),(188,'Nelson','Waelchi','brisa.gleichner@example.com','06337591240','2af0bc6731b18d4d85c495122eed43573a03b9af','1975-02-01 16:00:40'),(189,'Selena','Haley','nolan.damon@example.org','1-771-538-6','ba2554a70246375da6a8410a76b3f1065f90177f','1975-09-22 23:30:18'),(190,'Andy','Schuster','lebsack.jaclyn@example.org','+99(3)75179','ea0160226447c8a04e5ffdf4df8af196e7d087e8','2018-11-24 16:46:59'),(191,'Mozelle','Sauer','maryse70@example.org','1-459-515-5','5b622fa5c5793d6cbab170a821a5927a13cb2c17','1974-04-19 07:57:37'),(192,'Jodie','Thompson','hgusikowski@example.com','01867006402','e94d6513656801c67357dcf64f08bf19b25b73ff','2016-06-10 13:25:13'),(193,'Henderson','Wilkinson','deonte14@example.net','(286)534-93','d9da0108e3badd6a1964f724ef548ad9e6cdba59','2011-08-27 13:39:45'),(194,'Kelton','Doyle','hettinger.lilly@example.com','07638117594','fb24f5bdeff83bdff155605622e60b21246d8c7a','2007-05-20 16:27:01'),(195,'D\'angelo','Brown','kris.cydney@example.org','(634)642-73','5782a7c4d7a3597d92eec4b5c07a4921ccfd09e1','1992-12-26 23:25:33'),(196,'Zoila','McLaughlin','dortha39@example.net','067-161-842','d79e2cc58474ff4b4892cf7b0139b01575ba0135','1975-10-30 22:29:13'),(197,'Annetta','Terry','lbraun@example.org','06913371635','b0119f89fefc1414e91658b039dfc1bb2cb334d3','1973-09-02 06:10:33'),(198,'Ethan','Graham','ehamill@example.org','1-662-396-6','ef2ef96b668ada4106c00dad70024ac8eeb493cf','1984-09-25 15:04:15'),(199,'Bert','Bogisich','nettie46@example.net','(191)900-20','91239db15d4cfe6b0ac0f8ccd7cabaa7d72aece5','1972-06-21 03:47:42'),(200,'Adolph','Dickinson','donny.rodriguez@example.com','463.428.685','492d04eae86426e22d1500c78c7d53a414ec7f00','1982-06-18 12:12:10');
/*!40000 ALTER TABLE `users` ENABLE KEYS */;
UNLOCK TABLES;
/*!40103 SET TIME_ZONE=@OLD_TIME_ZONE */;

/*!40101 SET SQL_MODE=@OLD_SQL_MODE */;
/*!40014 SET FOREIGN_KEY_CHECKS=@OLD_FOREIGN_KEY_CHECKS */;
/*!40014 SET UNIQUE_CHECKS=@OLD_UNIQUE_CHECKS */;
/*!40101 SET CHARACTER_SET_CLIENT=@OLD_CHARACTER_SET_CLIENT */;
/*!40101 SET CHARACTER_SET_RESULTS=@OLD_CHARACTER_SET_RESULTS */;
/*!40101 SET COLLATION_CONNECTION=@OLD_COLLATION_CONNECTION */;
/*!40111 SET SQL_NOTES=@OLD_SQL_NOTES */;

-- Dump completed on 2021-03-18  0:45:43
